idx,site,date,time,type,start,end,duration,name,element,url,id
"1","http://localhost:8080/","2024-12-9","14:50:32","LCP","458.80000000074506","482.4000000022352","23.600000001490116","-1","ref: <Node>","http://localhost:8080/img/scene/500/classics.webp",""
"2","http://localhost:8080/","2024-12-9","14:50:38","LCP","614.6000000014901","634.3999999985099","19.799999997019768","-1","ref: <Node>","http://localhost:8080/img/scene/500/classics.webp",""
"3","http://localhost:8080/","2024-12-9","14:50:45","LCP","506.5","531.6999999992549","25.199999999254942","-1","ref: <Node>","http://localhost:8080/img/scene/500/classics.webp",""
"4","http://localhost:8080/","2024-12-9","14:50:51","LCP","454.3999999985099","474.5999999977648","20.199999999254942","-1","ref: <Node>","http://localhost:8080/img/scene/500/classics.webp",""
"5","http://localhost:8080/","2024-12-9","14:50:58","LCP","324","346.3999999985099","22.399999998509884","-1","ref: <Node>","http://localhost:8080/img/scene/500/classics.webp",""
"6","http://localhost:8080/","2024-12-9","14:51:05","LCP","312.30000000074506","339.5","27.199999999254942","-1","ref: <Node>","http://localhost:8080/img/scene/500/classics.webp",""
"7","http://localhost:8080/","2024-12-9","14:51:11","LCP","567.8000000007451","591.5999999977648","23.799999997019768","-1","ref: <Node>","http://localhost:8080/img/scene/500/classics.webp",""
"8","http://localhost:8080/","2024-12-9","14:51:18","LCP","684","703.6999999992549","19.699999999254942","-1","ref: <Node>","http://localhost:8080/img/scene/500/classics.webp",""
"9","http://localhost:8080/","2024-12-9","14:51:24","LCP","385.30000000074506","404.8999999985099","19.599999997764826","-1","ref: <Node>","http://localhost:8080/img/scene/500/classics.webp",""
"10","http://localhost:8080/","2024-12-9","14:51:31","LCP","870","889.6000000014901","19.600000001490116","-1","ref: <Node>","http://localhost:8080/img/scene/500/classics.webp",""
"11","http://localhost:8080/","2024-12-9","14:51:38","LCP","284.69999999925494","312.5","27.800000000745058","-1","ref: <Node>","http://localhost:8080/img/scene/500/classics.webp",""
"12","http://localhost:8080/","2024-12-9","14:51:44","LCP","500.8999999985099","528.8999999985099","28","-1","ref: <Node>","http://localhost:8080/img/scene/500/classics.webp",""
"13","http://localhost:8080/","2024-12-9","14:51:51","LCP","624","649.5","25.5","-1","ref: <Node>","http://localhost:8080/img/scene/500/classics.webp",""
"14","http://localhost:8080/","2024-12-9","14:51:58","LCP","417.69999999925494","437.19999999925494","19.5","-1","ref: <Node>","http://localhost:8080/img/scene/500/classics.webp",""
"15","http://localhost:8080/","2024-12-9","14:52:04","LCP","567.6000000014901","587.2000000029802","19.600000001490116","-1","ref: <Node>","http://localhost:8080/img/scene/500/classics.webp",""
"16","http://localhost:8080/","2024-12-9","14:52:11","LCP","454","477.29999999701977","23.299999997019768","-1","ref: <Node>","http://localhost:8080/img/scene/500/classics.webp",""
"17","http://localhost:8080/","2024-12-9","14:52:17","LCP","513.3999999985099","536.8999999985099","23.5","-1","ref: <Node>","http://localhost:8080/img/scene/500/classics.webp",""
"18","http://localhost:8080/","2024-12-9","14:52:24","LCP","543.5999999977648","569","25.400000002235174","-1","ref: <Node>","http://localhost:8080/img/scene/500/classics.webp",""
"19","http://localhost:8080/","2024-12-9","14:52:31","LCP","425.3999999985099","445.19999999925494","19.800000000745058","-1","ref: <Node>","http://localhost:8080/img/scene/500/classics.webp",""
"20","http://localhost:8080/","2024-12-9","14:52:37","LCP","331.30000000074506","351","19.699999999254942","-1","ref: <Node>","http://localhost:8080/img/scene/500/classics.webp",""
"21","http://localhost:8080/","2024-12-9","14:52:44","LCP","319.30000000074506","338.8999999985099","19.599999997764826","-1","ref: <Node>","http://localhost:8080/img/scene/500/classics.webp",""
"22","http://localhost:8080/","2024-12-9","14:52:50","LCP","445.1000000014901","472.30000000074506","27.199999999254942","-1","ref: <Node>","http://localhost:8080/img/scene/500/classics.webp",""
"23","http://localhost:8080/","2024-12-9","14:52:57","LCP","405.6000000014901","425","19.399999998509884","-1","ref: <Node>","http://localhost:8080/img/scene/500/classics.webp",""
"24","http://localhost:8080/","2024-12-9","14:53:03","LCP","591.5","616.8999999985099","25.399999998509884","-1","ref: <Node>","http://localhost:8080/img/scene/500/classics.webp",""
"25","http://localhost:8080/","2024-12-9","14:53:10","LCP","607.5","626.9000000022352","19.400000002235174","-1","ref: <Node>","http://localhost:8080/img/scene/500/classics.webp",""
"26","http://localhost:8080/","2024-12-9","14:53:17","LCP","544.4000000022352","564","19.599999997764826","-1","ref: <Node>","http://localhost:8080/img/scene/500/classics.webp",""
"27","http://localhost:8080/","2024-12-9","14:53:23","LCP","579.5","606.3000000007451","26.800000000745058","-1","ref: <Node>","http://localhost:8080/img/scene/500/classics.webp",""
"28","http://localhost:8080/","2024-12-9","14:53:30","LCP","596.8999999985099","624.1000000014901","27.200000002980232","-1","ref: <Node>","http://localhost:8080/img/scene/500/classics.webp",""
"29","http://localhost:8080/","2024-12-9","14:53:37","LCP","444","471.8999999985099","27.899999998509884","-1","ref: <Node>","http://localhost:8080/img/scene/500/classics.webp",""
"30","http://localhost:8080/","2024-12-9","14:53:43","LCP","520.5","545.1000000014901","24.600000001490116","-1","ref: <Node>","http://localhost:8080/img/scene/500/classics.webp",""
"31","http://localhost:8080/","2024-12-9","14:53:50","LCP","437.19999999925494","464.30000000074506","27.100000001490116","-1","ref: <Node>","http://localhost:8080/img/scene/500/classics.webp",""
"32","http://localhost:8080/","2024-12-9","14:53:57","LCP","340.80000000074506","366.30000000074506","25.5","-1","ref: <Node>","http://localhost:8080/img/scene/500/classics.webp",""
"33","http://localhost:8080/","2024-12-9","14:54:03","LCP","513.9000000022352","533.4000000022352","19.5","-1","ref: <Node>","http://localhost:8080/img/scene/500/classics.webp",""
"34","http://localhost:8080/","2024-12-9","14:54:10","LCP","414.3999999985099","434.0999999977648","19.699999999254942","-1","ref: <Node>","http://localhost:8080/img/scene/500/classics.webp",""
"35","http://localhost:8080/","2024-12-9","14:54:16","LCP","453.4000000022352","473.1000000014901","19.699999999254942","-1","ref: <Node>","http://localhost:8080/img/scene/500/classics.webp",""
"36","http://localhost:8080/","2024-12-9","14:54:23","LCP","287.5999999977648","307.30000000074506","19.700000002980232","-1","ref: <Node>","http://localhost:8080/img/scene/500/classics.webp",""
"37","http://localhost:8080/","2024-12-9","14:54:29","LCP","566.0999999977648","592.2999999970198","26.199999999254942","-1","ref: <Node>","http://localhost:8080/img/scene/500/classics.webp",""
"38","http://localhost:8080/","2024-12-9","14:54:36","LCP","611","635.5","24.5","-1","ref: <Node>","http://localhost:8080/img/scene/500/classics.webp",""
"39","http://localhost:8080/","2024-12-9","14:54:43","LCP","535.7999999970198","555.2999999970198","19.5","-1","ref: <Node>","http://localhost:8080/img/scene/500/classics.webp",""
"40","http://localhost:8080/","2024-12-9","14:54:49","LCP","668.1000000014901","687.6999999992549","19.599999997764826","-1","ref: <Node>","http://localhost:8080/img/scene/500/classics.webp",""
"41","http://localhost:8080/","2024-12-9","14:54:56","LCP","638.8999999985099","664.3000000007451","25.400000002235174","-1","ref: <Node>","http://localhost:8080/img/scene/500/classics.webp",""
"42","http://localhost:8080/","2024-12-9","14:55:03","LCP","655.6000000014901","680.5","24.899999998509884","-1","ref: <Node>","http://localhost:8080/img/scene/500/classics.webp",""
"43","http://localhost:8080/","2024-12-9","14:55:10","LCP","443.80000000074506","471.6000000014901","27.800000000745058","-1","ref: <Node>","http://localhost:8080/img/scene/500/classics.webp",""
"44","http://localhost:8080/","2024-12-9","14:55:16","LCP","862.8999999985099","888.3999999985099","25.5","-1","ref: <Node>","http://localhost:8080/img/scene/500/classics.webp",""
"45","http://localhost:8080/","2024-12-9","14:55:23","LCP","854.1999999992549","880.8000000007451","26.600000001490116","-1","ref: <Node>","http://localhost:8080/img/scene/500/classics.webp",""
"46","http://localhost:8080/","2024-12-9","14:55:30","LCP","538.6999999992549","565.8000000007451","27.100000001490116","-1","ref: <Node>","http://localhost:8080/img/scene/500/classics.webp",""
"47","http://localhost:8080/","2024-12-9","14:55:37","LCP","392.80000000074506","419.19999999925494","26.399999998509884","-1","ref: <Node>","http://localhost:8080/img/scene/500/classics.webp",""
"48","http://localhost:8080/","2024-12-9","14:55:43","LCP","646.6999999992549","665.5999999977648","18.899999998509884","-1","ref: <Node>","http://localhost:8080/img/scene/500/classics.webp",""
"49","http://localhost:8080/","2024-12-9","14:55:50","LCP","461","488.19999999925494","27.199999999254942","-1","ref: <Node>","http://localhost:8080/img/scene/500/classics.webp",""
"50","http://localhost:8080/","2024-12-9","14:55:57","LCP","392.4000000022352","412.4000000022352","20","-1","ref: <Node>","http://localhost:8080/img/scene/500/classics.webp",""
"51","http://localhost:8080/","2024-12-9","14:56:03","LCP","556","583.1000000014901","27.100000001490116","-1","ref: <Node>","http://localhost:8080/img/scene/500/classics.webp",""
"52","http://localhost:8080/","2024-12-9","14:56:10","LCP","540.6999999992549","560.1999999992549","19.5","-1","ref: <Node>","http://localhost:8080/img/scene/500/classics.webp",""
"53","http://localhost:8080/","2024-12-9","14:56:16","LCP","528.5","561.8000000007451","33.30000000074506","-1","ref: <Node>","http://localhost:8080/img/scene/500/classics.webp",""
"54","http://localhost:8080/","2024-12-9","14:56:23","LCP","271","296","25","-1","ref: <Node>","http://localhost:8080/img/scene/500/classics.webp",""
"55","http://localhost:8080/","2024-12-9","14:56:30","LCP","326.19999999925494","353.3999999985099","27.199999999254942","-1","ref: <Node>","http://localhost:8080/img/scene/500/classics.webp",""
"56","http://localhost:8080/","2024-12-9","14:56:36","LCP","447","472.30000000074506","25.300000000745058","-1","ref: <Node>","http://localhost:8080/img/scene/500/classics.webp",""
"57","http://localhost:8080/","2024-12-9","14:56:43","LCP","625.6000000014901","644.3000000007451","18.699999999254942","-1","ref: <Node>","http://localhost:8080/img/scene/500/classics.webp",""
"58","http://localhost:8080/","2024-12-9","14:56:49","LCP","443","462.5","19.5","-1","ref: <Node>","http://localhost:8080/img/scene/500/classics.webp",""
"59","http://localhost:8080/","2024-12-9","14:56:56","LCP","625.3999999985099","652.5999999977648","27.199999999254942","-1","ref: <Node>","http://localhost:8080/img/scene/500/classics.webp",""
"60","http://localhost:8080/","2024-12-9","14:57:03","LCP","370.30000000074506","397.5","27.199999999254942","-1","ref: <Node>","http://localhost:8080/img/scene/500/classics.webp",""
"61","http://localhost:8080/","2024-12-9","14:57:09","LCP","618.5","645.2999999970198","26.799999997019768","-1","ref: <Node>","http://localhost:8080/img/scene/500/classics.webp",""
"62","http://localhost:8080/","2024-12-9","14:57:16","LCP","563.8999999985099","582.8000000007451","18.900000002235174","-1","ref: <Node>","http://localhost:8080/img/scene/500/classics.webp",""
"63","http://localhost:8080/","2024-12-9","14:57:23","LCP","331.4000000022352","351.69999999925494","20.299999997019768","-1","ref: <Node>","http://localhost:8080/img/scene/500/classics.webp",""
"64","http://localhost:8080/","2024-12-9","14:57:29","LCP","589","622.2000000029802","33.20000000298023","-1","ref: <Node>","http://localhost:8080/img/scene/500/classics.webp",""
"65","http://localhost:8080/","2024-12-9","14:57:36","LCP","217.80000000074506","245","27.199999999254942","-1","ref: <Node>","http://localhost:8080/img/scene/500/classics.webp",""
"66","http://localhost:8080/","2024-12-9","14:57:42","LCP","654.4000000022352","673.1000000014901","18.699999999254942","-1","ref: <Node>","http://localhost:8080/img/scene/500/classics.webp",""
"67","http://localhost:8080/","2024-12-9","14:57:49","LCP","542.8000000007451","569.1999999992549","26.399999998509884","-1","ref: <Node>","http://localhost:8080/img/scene/500/classics.webp",""
"68","http://localhost:8080/","2024-12-9","14:57:55","LCP","280.5","307.5999999977648","27.099999997764826","-1","ref: <Node>","http://localhost:8080/img/scene/500/classics.webp",""
"69","http://localhost:8080/","2024-12-9","14:58:02","LCP","503.19999999925494","530.1999999992549","27","-1","ref: <Node>","http://localhost:8080/img/scene/500/classics.webp",""
"70","http://localhost:8080/","2024-12-9","14:58:09","LCP","402.5999999977648","430","27.400000002235174","-1","ref: <Node>","http://localhost:8080/img/scene/500/classics.webp",""
"71","http://localhost:8080/","2024-12-9","14:58:15","LCP","368.8999999985099","395.79999999701977","26.899999998509884","-1","ref: <Node>","http://localhost:8080/img/scene/500/classics.webp",""
"72","http://localhost:8080/","2024-12-9","14:58:22","LCP","448.69999999925494","475.8999999985099","27.199999999254942","-1","ref: <Node>","http://localhost:8080/img/scene/500/classics.webp",""
"73","http://localhost:8080/","2024-12-9","14:58:28","LCP","444.5","469","24.5","-1","ref: <Node>","http://localhost:8080/img/scene/500/classics.webp",""
"74","http://localhost:8080/","2024-12-9","14:58:35","LCP","236.69999999925494","257.19999999925494","20.5","-1","ref: <Node>","http://localhost:8080/img/scene/500/classics.webp",""
"75","http://localhost:8080/","2024-12-9","14:58:41","LCP","419.69999999925494","439","19.300000000745058","-1","ref: <Node>","http://localhost:8080/img/scene/500/classics.webp",""
"76","http://localhost:8080/","2024-12-9","14:58:48","LCP","371.1000000014901","398","26.899999998509884","-1","ref: <Node>","http://localhost:8080/img/scene/500/classics.webp",""
"77","http://localhost:8080/","2024-12-9","14:58:54","LCP","452.4000000022352","479.6000000014901","27.199999999254942","-1","ref: <Node>","http://localhost:8080/img/scene/500/classics.webp",""
"78","http://localhost:8080/","2024-12-9","14:59:01","LCP","514","540.9000000022352","26.900000002235174","-1","ref: <Node>","http://localhost:8080/img/scene/500/classics.webp",""
"79","http://localhost:8080/","2024-12-9","14:59:07","LCP","482.5","509.6000000014901","27.100000001490116","-1","ref: <Node>","http://localhost:8080/img/scene/500/classics.webp",""
"80","http://localhost:8080/","2024-12-9","14:59:14","LCP","377.80000000074506","404.6000000014901","26.800000000745058","-1","ref: <Node>","http://localhost:8080/img/scene/500/classics.webp",""
"81","http://localhost:8080/","2024-12-9","14:59:20","LCP","400.19999999925494","419.0999999977648","18.899999998509884","-1","ref: <Node>","http://localhost:8080/img/scene/500/classics.webp",""
"82","http://localhost:8080/","2024-12-9","14:59:27","LCP","353","379.9000000022352","26.900000002235174","-1","ref: <Node>","http://localhost:8080/img/scene/500/classics.webp",""
"83","http://localhost:8080/","2024-12-9","14:59:33","LCP","385.20000000298023","412.4000000022352","27.199999999254942","-1","ref: <Node>","http://localhost:8080/img/scene/500/classics.webp",""
"84","http://localhost:8080/","2024-12-9","14:59:40","LCP","308.8999999985099","335.69999999925494","26.800000000745058","-1","ref: <Node>","http://localhost:8080/img/scene/500/classics.webp",""
"85","http://localhost:8080/","2024-12-9","14:59:46","LCP","444.80000000074506","468.19999999925494","23.399999998509884","-1","ref: <Node>","http://localhost:8080/img/scene/500/classics.webp",""
"86","http://localhost:8080/","2024-12-9","14:59:53","LCP","526.8000000007451","554","27.199999999254942","-1","ref: <Node>","http://localhost:8080/img/scene/500/classics.webp",""
"87","http://localhost:8080/","2024-12-9","15:00:00","LCP","404.4000000022352","429.5","25.099999997764826","-1","ref: <Node>","http://localhost:8080/img/scene/500/classics.webp",""
"88","http://localhost:8080/","2024-12-9","15:00:06","LCP","402.6000000014901","429.8999999985099","27.299999997019768","-1","ref: <Node>","http://localhost:8080/img/scene/500/classics.webp",""
"89","http://localhost:8080/","2024-12-9","15:00:13","LCP","649.3000000007451","676.3000000007451","27","-1","ref: <Node>","http://localhost:8080/img/scene/500/classics.webp",""
"90","http://localhost:8080/","2024-12-9","15:00:19","LCP","436.80000000074506","462.3999999985099","25.599999997764826","-1","ref: <Node>","http://localhost:8080/img/scene/500/classics.webp",""
"91","http://localhost:8080/","2024-12-9","15:00:26","LCP","377.8999999985099","397.30000000074506","19.400000002235174","-1","ref: <Node>","http://localhost:8080/img/scene/500/classics.webp",""
"92","http://localhost:8080/","2024-12-9","15:00:32","LCP","601.8000000007451","628.5","26.699999999254942","-1","ref: <Node>","http://localhost:8080/img/scene/500/classics.webp",""
"93","http://localhost:8080/","2024-12-9","15:00:39","LCP","534.2000000029802","552.9000000022352","18.699999999254942","-1","ref: <Node>","http://localhost:8080/img/scene/500/classics.webp",""
"94","http://localhost:8080/","2024-12-9","15:00:46","LCP","509.19999999925494","536.1000000014901","26.900000002235174","-1","ref: <Node>","http://localhost:8080/img/scene/500/classics.webp",""
"95","http://localhost:8080/","2024-12-9","15:00:53","LCP","787.5","814.8000000007451","27.300000000745058","-1","ref: <Node>","http://localhost:8080/img/scene/500/classics.webp",""
"96","http://localhost:8080/","2024-12-9","15:00:59","LCP","495.69999999925494","522.3000000007451","26.600000001490116","-1","ref: <Node>","http://localhost:8080/img/scene/500/classics.webp",""
"97","http://localhost:8080/","2024-12-9","15:01:06","LCP","542.6999999992549","569.6999999992549","27","-1","ref: <Node>","http://localhost:8080/img/scene/500/classics.webp",""
"98","http://localhost:8080/","2024-12-9","15:01:13","LCP","530.6999999992549","557.9000000022352","27.200000002980232","-1","ref: <Node>","http://localhost:8080/img/scene/500/classics.webp",""
"99","http://localhost:8080/","2024-12-9","15:01:19","LCP","606.5","633.8000000007451","27.300000000745058","-1","ref: <Node>","http://localhost:8080/img/scene/500/classics.webp",""
"100","http://localhost:8080/","2024-12-9","15:01:26","LCP","334.29999999701977","361.5","27.200000002980232","-1","ref: <Node>","http://localhost:8080/img/scene/500/classics.webp",""
"101","http://localhost:8080/","2024-12-9","15:01:33","LCP","415.5","435.30000000074506","19.800000000745058","-1","ref: <Node>","http://localhost:8080/img/scene/500/classics.webp",""
"102","http://localhost:8080/","2024-12-9","15:01:39","LCP","685.7999999970198","712.0999999977648","26.300000000745058","-1","ref: <Node>","http://localhost:8080/img/scene/500/classics.webp",""
"103","http://localhost:8080/","2024-12-9","15:01:46","LCP","447.69999999925494","473","25.300000000745058","-1","ref: <Node>","http://localhost:8080/img/scene/500/classics.webp",""
"104","http://localhost:8080/","2024-12-9","15:01:53","LCP","642.8000000007451","662.5","19.699999999254942","-1","ref: <Node>","http://localhost:8080/img/scene/500/classics.webp",""
"105","http://localhost:8080/","2024-12-9","15:01:59","LCP","719.0999999977648","744","24.900000002235174","-1","ref: <Node>","http://localhost:8080/img/scene/500/classics.webp",""
"106","http://localhost:8080/","2024-12-9","15:02:06","LCP","466.80000000074506","493.5","26.699999999254942","-1","ref: <Node>","http://localhost:8080/img/scene/500/classics.webp",""
"107","http://localhost:8080/","2024-12-9","15:02:13","LCP","620","647.0999999977648","27.099999997764826","-1","ref: <Node>","http://localhost:8080/img/scene/500/classics.webp",""
"108","http://localhost:8080/","2024-12-9","15:02:20","LCP","552.8000000007451","572.8000000007451","20","-1","ref: <Node>","http://localhost:8080/img/scene/500/classics.webp",""
"109","http://localhost:8080/","2024-12-9","15:02:26","LCP","379.69999999925494","413.69999999925494","34","-1","ref: <Node>","http://localhost:8080/img/scene/500/classics.webp",""
"110","http://localhost:8080/","2024-12-9","15:02:33","LCP","266.4000000022352","285.19999999925494","18.799999997019768","-1","ref: <Node>","http://localhost:8080/img/scene/500/classics.webp",""
"111","http://localhost:8080/","2024-12-9","15:02:39","LCP","496.30000000074506","522.6000000014901","26.300000000745058","-1","ref: <Node>","http://localhost:8080/img/scene/500/classics.webp",""
"112","http://localhost:8080/","2024-12-9","15:02:46","LCP","270.80000000074506","289.6000000014901","18.800000000745058","-1","ref: <Node>","http://localhost:8080/img/scene/500/classics.webp",""
"113","http://localhost:8080/","2024-12-9","15:02:52","LCP","640.8999999985099","667.8000000007451","26.900000002235174","-1","ref: <Node>","http://localhost:8080/img/scene/500/classics.webp",""
"114","http://localhost:8080/","2024-12-9","15:02:59","LCP","560.1000000014901","584.7000000029802","24.600000001490116","-1","ref: <Node>","http://localhost:8080/img/scene/500/classics.webp",""
"115","http://localhost:8080/","2024-12-9","15:03:05","LCP","288.8999999985099","315.69999999925494","26.800000000745058","-1","ref: <Node>","http://localhost:8080/img/scene/500/classics.webp",""
"116","http://localhost:8080/","2024-12-9","15:03:12","LCP","266.5","287","20.5","-1","ref: <Node>","http://localhost:8080/img/scene/500/classics.webp",""
"117","http://localhost:8080/","2024-12-9","15:03:18","LCP","534","561","27","-1","ref: <Node>","http://localhost:8080/img/scene/500/classics.webp",""
"118","http://localhost:8080/","2024-12-9","15:03:25","LCP","639.7999999970198","667","27.200000002980232","-1","ref: <Node>","http://localhost:8080/img/scene/500/classics.webp",""
"119","http://localhost:8080/","2024-12-9","15:03:32","LCP","412.20000000298023","437.80000000074506","25.599999997764826","-1","ref: <Node>","http://localhost:8080/img/scene/500/classics.webp",""
"120","http://localhost:8080/","2024-12-9","15:03:38","LCP","540.5","563.9000000022352","23.400000002235174","-1","ref: <Node>","http://localhost:8080/img/scene/500/classics.webp",""
"121","http://localhost:8080/","2024-12-9","15:03:45","LCP","600.3999999985099","626.2999999970198","25.899999998509884","-1","ref: <Node>","http://localhost:8080/img/scene/500/classics.webp",""
"122","http://localhost:8080/","2024-12-9","15:03:52","LCP","766.5999999977648","785.5","18.900000002235174","-1","ref: <Node>","http://localhost:8080/img/scene/500/classics.webp",""
"123","http://localhost:8080/","2024-12-9","15:03:59","LCP","658.3000000007451","685.3000000007451","27","-1","ref: <Node>","http://localhost:8080/img/scene/500/classics.webp",""
"124","http://localhost:8080/","2024-12-9","15:04:05","LCP","413.69999999925494","441","27.300000000745058","-1","ref: <Node>","http://localhost:8080/img/scene/500/classics.webp",""
"125","http://localhost:8080/","2024-12-9","15:04:12","LCP","859.6000000014901","878.6000000014901","19","-1","ref: <Node>","http://localhost:8080/img/scene/500/classics.webp",""
"126","http://localhost:8080/","2024-12-9","15:04:19","LCP","523.5","543.5","20","-1","ref: <Node>","http://localhost:8080/img/scene/500/classics.webp",""
"127","http://localhost:8080/","2024-12-9","15:04:25","LCP","344.5","371","26.5","-1","ref: <Node>","http://localhost:8080/img/scene/500/classics.webp",""
"128","http://localhost:8080/","2024-12-9","15:04:32","LCP","492.79999999701977","512","19.200000002980232","-1","ref: <Node>","http://localhost:8080/img/scene/500/classics.webp",""
"129","http://localhost:8080/","2024-12-9","15:04:39","LCP","270.69999999925494","297.80000000074506","27.100000001490116","-1","ref: <Node>","http://localhost:8080/img/scene/500/classics.webp",""
"130","http://localhost:8080/","2024-12-9","15:04:45","LCP","536.1999999992549","563","26.800000000745058","-1","ref: <Node>","http://localhost:8080/img/scene/500/classics.webp",""
"131","http://localhost:8080/","2024-12-9","15:04:52","LCP","442.69999999925494","469.8999999985099","27.199999999254942","-1","ref: <Node>","http://localhost:8080/img/scene/500/classics.webp",""
"132","http://localhost:8080/","2024-12-9","15:04:58","LCP","328.5","351.9000000022352","23.400000002235174","-1","ref: <Node>","http://localhost:8080/img/scene/500/classics.webp",""
"133","http://localhost:8080/","2024-12-9","15:05:05","LCP","430.0999999977648","456.8999999985099","26.800000000745058","-1","ref: <Node>","http://localhost:8080/img/scene/500/classics.webp",""
"134","http://localhost:8080/","2024-12-9","15:05:11","LCP","684.6000000014901","709.9000000022352","25.300000000745058","-1","ref: <Node>","http://localhost:8080/img/scene/500/classics.webp",""
"135","http://localhost:8080/","2024-12-9","15:05:18","LCP","552.5","578.4000000022352","25.900000002235174","-1","ref: <Node>","http://localhost:8080/img/scene/500/classics.webp",""
"136","http://localhost:8080/","2024-12-9","15:05:25","LCP","616.2999999970198","635.1999999992549","18.900000002235174","-1","ref: <Node>","http://localhost:8080/img/scene/500/classics.webp",""
"137","http://localhost:8080/","2024-12-9","15:05:31","LCP","669.6999999992549","703.6999999992549","34","-1","ref: <Node>","http://localhost:8080/img/scene/500/classics.webp",""
"138","http://localhost:8080/","2024-12-9","15:05:38","LCP","406.30000000074506","433.5","27.199999999254942","-1","ref: <Node>","http://localhost:8080/img/scene/500/classics.webp",""
"139","http://localhost:8080/","2024-12-9","15:05:45","LCP","752.1999999992549","779.1999999992549","27","-1","ref: <Node>","http://localhost:8080/img/scene/500/classics.webp",""
"140","http://localhost:8080/","2024-12-9","15:05:51","LCP","535.5","562.8000000007451","27.300000000745058","-1","ref: <Node>","http://localhost:8080/img/scene/500/classics.webp",""
"141","http://localhost:8080/","2024-12-9","15:05:58","LCP","424","450.8999999985099","26.899999998509884","-1","ref: <Node>","http://localhost:8080/img/scene/500/classics.webp",""
"142","http://localhost:8080/","2024-12-9","15:06:05","LCP","444.3999999985099","463.30000000074506","18.900000002235174","-1","ref: <Node>","http://localhost:8080/img/scene/500/classics.webp",""
"143","http://localhost:8080/","2024-12-9","15:06:11","LCP","523.8000000007451","549.6999999992549","25.899999998509884","-1","ref: <Node>","http://localhost:8080/img/scene/500/classics.webp",""
"144","http://localhost:8080/","2024-12-9","15:06:18","LCP","305.5","331.1000000014901","25.600000001490116","-1","ref: <Node>","http://localhost:8080/img/scene/500/classics.webp",""
"145","http://localhost:8080/","2024-12-9","15:06:24","LCP","308.5999999977648","335.8999999985099","27.300000000745058","-1","ref: <Node>","http://localhost:8080/img/scene/500/classics.webp",""
"146","http://localhost:8080/","2024-12-9","15:06:31","LCP","380.80000000447035","408","27.19999999552965","-1","ref: <Node>","http://localhost:8080/img/scene/500/classics.webp",""
"147","http://localhost:8080/","2024-12-9","15:06:37","LCP","435","462.30000000447035","27.30000000447035","-1","ref: <Node>","http://localhost:8080/img/scene/500/classics.webp",""
"148","http://localhost:8080/","2024-12-9","15:06:44","LCP","351.1000000014901","378.30000000447035","27.200000002980232","-1","ref: <Node>","http://localhost:8080/img/scene/500/classics.webp",""
"149","http://localhost:8080/","2024-12-9","15:06:50","LCP","426.70000000298023","453.8999999985099","27.19999999552965","-1","ref: <Node>","http://localhost:8080/img/scene/500/classics.webp",""
"150","http://localhost:8080/","2024-12-9","15:06:57","LCP","451.5","472.1000000014901","20.600000001490116","-1","ref: <Node>","http://localhost:8080/img/scene/500/classics.webp",""
"151","http://localhost:8080/","2024-12-9","15:07:03","LCP","553.0999999940395","579.6999999955297","26.600000001490116","-1","ref: <Node>","http://localhost:8080/img/scene/500/classics.webp",""
"152","http://localhost:8080/","2024-12-9","15:07:10","LCP","536.6000000014901","562.1000000014901","25.5","-1","ref: <Node>","http://localhost:8080/img/scene/500/classics.webp",""
"153","http://localhost:8080/","2024-12-9","15:07:17","LCP","652.8999999985099","679.8999999985099","27","-1","ref: <Node>","http://localhost:8080/img/scene/500/classics.webp",""
"154","http://localhost:8080/","2024-12-9","15:07:23","LCP","293.79999999701977","312.5","18.700000002980232","-1","ref: <Node>","http://localhost:8080/img/scene/500/classics.webp",""
"155","http://localhost:8080/","2024-12-9","15:07:30","LCP","644.2000000029802","672.2000000029802","28","-1","ref: <Node>","http://localhost:8080/img/scene/500/classics.webp",""
"156","http://localhost:8080/","2024-12-9","15:07:37","LCP","518.0999999940395","545.0999999940395","27","-1","ref: <Node>","http://localhost:8080/img/scene/500/classics.webp",""
"157","http://localhost:8080/","2024-12-9","15:07:43","LCP","647","666.8999999985099","19.899999998509884","-1","ref: <Node>","http://localhost:8080/img/scene/500/classics.webp",""
"158","http://localhost:8080/","2024-12-9","15:07:50","LCP","628.0999999940395","654.0999999940395","26","-1","ref: <Node>","http://localhost:8080/img/scene/500/classics.webp",""
"159","http://localhost:8080/","2024-12-9","15:07:57","LCP","352.6000000014901","379.80000000447035","27.200000002980232","-1","ref: <Node>","http://localhost:8080/img/scene/500/classics.webp",""
"160","http://localhost:8080/","2024-12-9","15:08:03","LCP","334.3999999985099","361.3999999985099","27","-1","ref: <Node>","http://localhost:8080/img/scene/500/classics.webp",""
"161","http://localhost:8080/","2024-12-9","15:08:10","LCP","451","478.3999999985099","27.399999998509884","-1","ref: <Node>","http://localhost:8080/img/scene/500/classics.webp",""
"162","http://localhost:8080/","2024-12-9","15:08:16","LCP","516.8999999985099","535.1000000014901","18.200000002980232","-1","ref: <Node>","http://localhost:8080/img/scene/500/classics.webp",""
"163","http://localhost:8080/","2024-12-9","15:08:23","LCP","563.1999999955297","590.3999999985099","27.200000002980232","-1","ref: <Node>","http://localhost:8080/img/scene/500/classics.webp",""
"164","http://localhost:8080/","2024-12-9","15:08:30","LCP","713.8999999985099","740.3999999985099","26.5","-1","ref: <Node>","http://localhost:8080/img/scene/500/classics.webp",""
"165","http://localhost:8080/","2024-12-9","15:08:36","LCP","629.2000000029802","649.3999999985099","20.19999999552965","-1","ref: <Node>","http://localhost:8080/img/scene/500/classics.webp",""
"166","http://localhost:8080/","2024-12-9","15:08:43","LCP","343.6000000014901","363.8999999985099","20.299999997019768","-1","ref: <Node>","http://localhost:8080/img/scene/500/classics.webp",""
"167","http://localhost:8080/","2024-12-9","15:08:50","LCP","580.8000000044703","608","27.19999999552965","-1","ref: <Node>","http://localhost:8080/img/scene/500/classics.webp",""
"168","http://localhost:8080/","2024-12-9","15:08:56","LCP","360.29999999701977","387.8999999985099","27.600000001490116","-1","ref: <Node>","http://localhost:8080/img/scene/500/classics.webp",""
"169","http://localhost:8080/","2024-12-9","15:09:03","LCP","542.3000000044703","569.3999999985099","27.099999994039536","-1","ref: <Node>","http://localhost:8080/img/scene/500/classics.webp",""
"170","http://localhost:8080/","2024-12-9","15:09:10","LCP","578.2999999970198","605.6999999955297","27.399999998509884","-1","ref: <Node>","http://localhost:8080/img/scene/500/classics.webp",""
"171","http://localhost:8080/","2024-12-9","15:09:16","LCP","515.6999999955297","542.8999999985099","27.200000002980232","-1","ref: <Node>","http://localhost:8080/img/scene/500/classics.webp",""
"172","http://localhost:8080/","2024-12-9","15:09:23","LCP","426.5","453.70000000298023","27.200000002980232","-1","ref: <Node>","http://localhost:8080/img/scene/500/classics.webp",""
"173","http://localhost:8080/","2024-12-9","15:09:29","LCP","631","656.5","25.5","-1","ref: <Node>","http://localhost:8080/img/scene/500/classics.webp",""
"174","http://localhost:8080/","2024-12-9","15:09:36","LCP","643.6000000014901","662.6000000014901","19","-1","ref: <Node>","http://localhost:8080/img/scene/500/classics.webp",""
"175","http://localhost:8080/","2024-12-9","15:09:43","LCP","412.29999999701977","437.5","25.200000002980232","-1","ref: <Node>","http://localhost:8080/img/scene/500/classics.webp",""
"176","http://localhost:8080/","2024-12-9","15:09:49","LCP","542","566.8999999985099","24.899999998509884","-1","ref: <Node>","http://localhost:8080/img/scene/500/classics.webp",""
"177","http://localhost:8080/","2024-12-9","15:09:56","LCP","552.5","579.6999999955297","27.19999999552965","-1","ref: <Node>","http://localhost:8080/img/scene/500/classics.webp",""
"178","http://localhost:8080/","2024-12-9","15:10:03","LCP","617.5","644.6000000014901","27.100000001490116","-1","ref: <Node>","http://localhost:8080/img/scene/500/classics.webp",""
"179","http://localhost:8080/","2024-12-9","15:10:10","LCP","562.7000000029802","589.2000000029802","26.5","-1","ref: <Node>","http://localhost:8080/img/scene/500/classics.webp",""
"180","http://localhost:8080/","2024-12-9","15:10:16","LCP","538.3999999985099","564.2999999970198","25.899999998509884","-1","ref: <Node>","http://localhost:8080/img/scene/500/classics.webp",""
"181","http://localhost:8080/","2024-12-9","15:10:23","LCP","644.2999999970198","671.6000000014901","27.30000000447035","-1","ref: <Node>","http://localhost:8080/img/scene/500/classics.webp",""
"182","http://localhost:8080/","2024-12-9","15:10:30","LCP","408.8999999985099","441.6000000014901","32.70000000298023","-1","ref: <Node>","http://localhost:8080/img/scene/500/classics.webp",""
"183","http://localhost:8080/","2024-12-9","15:10:36","LCP","707.5","727.1000000014901","19.600000001490116","-1","ref: <Node>","http://localhost:8080/img/scene/500/classics.webp",""
"184","http://localhost:8080/","2024-12-9","15:10:43","LCP","734.7999999970198","754","19.200000002980232","-1","ref: <Node>","http://localhost:8080/img/scene/500/classics.webp",""
"185","http://localhost:8080/","2024-12-9","15:10:50","LCP","595.7000000029802","622.6000000014901","26.899999998509884","-1","ref: <Node>","http://localhost:8080/img/scene/500/classics.webp",""
"186","http://localhost:8080/","2024-12-9","15:10:57","LCP","635.3999999985099","659.6000000014901","24.200000002980232","-1","ref: <Node>","http://localhost:8080/img/scene/500/classics.webp",""
"187","http://localhost:8080/","2024-12-9","15:11:03","LCP","577.9000000059605","605","27.099999994039536","-1","ref: <Node>","http://localhost:8080/img/scene/500/classics.webp",""
"188","http://localhost:8080/","2024-12-9","15:11:10","LCP","688.1000000014901","715","26.899999998509884","-1","ref: <Node>","http://localhost:8080/img/scene/500/classics.webp",""
"189","http://localhost:8080/","2024-12-9","15:11:17","LCP","745.5999999940395","770.0999999940395","24.5","-1","ref: <Node>","http://localhost:8080/img/scene/500/classics.webp",""
"190","http://localhost:8080/","2024-12-9","15:11:24","LCP","316.8999999985099","336.69999999552965","19.799999997019768","-1","ref: <Node>","http://localhost:8080/img/scene/500/classics.webp",""
"191","http://localhost:8080/","2024-12-9","15:11:30","LCP","731.8999999985099","752.1000000014901","20.200000002980232","-1","ref: <Node>","http://localhost:8080/img/scene/500/classics.webp",""
"192","http://localhost:8080/","2024-12-9","15:11:37","LCP","562.7999999970198","587.7999999970198","25","-1","ref: <Node>","http://localhost:8080/img/scene/500/classics.webp",""
"193","http://localhost:8080/","2024-12-9","15:11:44","LCP","528.2999999970198","553.0999999940395","24.799999997019768","-1","ref: <Node>","http://localhost:8080/img/scene/500/classics.webp",""
"194","http://localhost:8080/","2024-12-9","15:11:50","LCP","618.2000000029802","637.2000000029802","19","-1","ref: <Node>","http://localhost:8080/img/scene/500/classics.webp",""
"195","http://localhost:8080/","2024-12-9","15:11:57","LCP","524.2000000029802","551.5","27.299999997019768","-1","ref: <Node>","http://localhost:8080/img/scene/500/classics.webp",""
"196","http://localhost:8080/","2024-12-9","15:12:04","LCP","449.5","476.3999999985099","26.899999998509884","-1","ref: <Node>","http://localhost:8080/img/scene/500/classics.webp",""
"197","http://localhost:8080/","2024-12-9","15:12:10","LCP","424.6000000014901","451.8999999985099","27.299999997019768","-1","ref: <Node>","http://localhost:8080/img/scene/500/classics.webp",""
"198","http://localhost:8080/","2024-12-9","15:12:17","LCP","449.20000000298023","474.70000000298023","25.5","-1","ref: <Node>","http://localhost:8080/img/scene/500/classics.webp",""
"199","http://localhost:8080/","2024-12-9","15:12:23","LCP","441.1000000014901","468.29999999701977","27.19999999552965","-1","ref: <Node>","http://localhost:8080/img/scene/500/classics.webp",""
"200","http://localhost:8080/","2024-12-9","15:12:30","LCP","635.3999999985099","659.6999999955297","24.299999997019768","-1","ref: <Node>","http://localhost:8080/img/scene/500/classics.webp",""
"201","http://localhost:8080/","2024-12-9","15:12:37","LCP","715.6000000014901","742.5","26.899999998509884","-1","ref: <Node>","http://localhost:8080/img/scene/500/classics.webp",""
"202","http://localhost:8080/","2024-12-9","15:12:44","LCP","594.1000000014901","613","18.899999998509884","-1","ref: <Node>","http://localhost:8080/img/scene/500/classics.webp",""
"203","http://localhost:8080/","2024-12-9","15:12:50","LCP","394.59999999403954","421.69999999552965","27.100000001490116","-1","ref: <Node>","http://localhost:8080/img/scene/500/classics.webp",""
"204","http://localhost:8080/","2024-12-9","15:12:57","LCP","640.6999999955297","667.6000000014901","26.900000005960464","-1","ref: <Node>","http://localhost:8080/img/scene/500/classics.webp",""
"205","http://localhost:8080/","2024-12-9","15:13:04","LCP","343.80000000447035","362.70000000298023","18.899999998509884","-1","ref: <Node>","http://localhost:8080/img/scene/500/classics.webp",""
"206","http://localhost:8080/","2024-12-9","15:13:10","LCP","375.19999999552965","399.69999999552965","24.5","-1","ref: <Node>","http://localhost:8080/img/scene/500/classics.webp",""
"207","http://localhost:8080/","2024-12-9","15:13:17","LCP","453.70000000298023","480.1000000014901","26.399999998509884","-1","ref: <Node>","http://localhost:8080/img/scene/500/classics.webp",""
"208","http://localhost:8080/","2024-12-9","15:13:23","LCP","692.0999999940395","719.5999999940395","27.5","-1","ref: <Node>","http://localhost:8080/img/scene/500/classics.webp",""
"209","http://localhost:8080/","2024-12-9","15:13:30","LCP","680.6000000014901","699.3999999985099","18.799999997019768","-1","ref: <Node>","http://localhost:8080/img/scene/500/classics.webp",""
"210","http://localhost:8080/","2024-12-9","15:13:37","LCP","441.80000000447035","460.70000000298023","18.899999998509884","-1","ref: <Node>","http://localhost:8080/img/scene/500/classics.webp",""
"211","http://localhost:8080/","2024-12-9","15:13:43","LCP","495.8999999985099","520.1999999955297","24.299999997019768","-1","ref: <Node>","http://localhost:8080/img/scene/500/classics.webp",""
"212","http://localhost:8080/","2024-12-9","15:13:50","LCP","528.6000000014901","554","25.399999998509884","-1","ref: <Node>","http://localhost:8080/img/scene/500/classics.webp",""
"213","http://localhost:8080/","2024-12-9","15:13:57","LCP","309.3999999985099","336.69999999552965","27.299999997019768","-1","ref: <Node>","http://localhost:8080/img/scene/500/classics.webp",""
"214","http://localhost:8080/","2024-12-9","15:14:03","LCP","760.4000000059605","786.4000000059605","26","-1","ref: <Node>","http://localhost:8080/img/scene/500/classics.webp",""
"215","http://localhost:8080/","2024-12-9","15:14:10","LCP","291.6000000014901","310.3999999985099","18.799999997019768","-1","ref: <Node>","http://localhost:8080/img/scene/500/classics.webp",""
"216","http://localhost:8080/","2024-12-9","15:14:16","LCP","430.79999999701977","454.5","23.700000002980232","-1","ref: <Node>","http://localhost:8080/img/scene/500/classics.webp",""
"217","http://localhost:8080/","2024-12-9","15:14:23","LCP","470.5","497.8999999985099","27.399999998509884","-1","ref: <Node>","http://localhost:8080/img/scene/500/classics.webp",""
"218","http://localhost:8080/","2024-12-9","15:14:30","LCP","546.5","580.5","34","-1","ref: <Node>","http://localhost:8080/img/scene/500/classics.webp",""
"219","http://localhost:8080/","2024-12-9","15:14:36","LCP","345","364.69999999552965","19.69999999552965","-1","ref: <Node>","http://localhost:8080/img/scene/500/classics.webp",""
"220","http://localhost:8080/","2024-12-9","15:14:43","LCP","393.5","413.29999999701977","19.799999997019768","-1","ref: <Node>","http://localhost:8080/img/scene/500/classics.webp",""
"221","http://localhost:8080/","2024-12-9","15:14:49","LCP","588.5","612.6999999955297","24.19999999552965","-1","ref: <Node>","http://localhost:8080/img/scene/500/classics.webp",""
"222","http://localhost:8080/","2024-12-9","15:14:56","LCP","411.8999999985099","439.20000000298023","27.30000000447035","-1","ref: <Node>","http://localhost:8080/img/scene/500/classics.webp",""
"223","http://localhost:8080/","2024-12-9","15:15:02","LCP","533.6999999955297","552.3999999985099","18.700000002980232","-1","ref: <Node>","http://localhost:8080/img/scene/500/classics.webp",""
"224","http://localhost:8080/","2024-12-9","15:15:09","LCP","468.79999999701977","495.79999999701977","27","-1","ref: <Node>","http://localhost:8080/img/scene/500/classics.webp",""
"225","http://localhost:8080/","2024-12-9","15:15:16","LCP","411.5","438.3999999985099","26.899999998509884","-1","ref: <Node>","http://localhost:8080/img/scene/500/classics.webp",""
"226","http://localhost:8080/","2024-12-9","15:15:22","LCP","629.8999999985099","650.3999999985099","20.5","-1","ref: <Node>","http://localhost:8080/img/scene/500/classics.webp",""
"227","http://localhost:8080/","2024-12-9","15:15:29","LCP","517.8999999985099","545.2000000029802","27.30000000447035","-1","ref: <Node>","http://localhost:8080/img/scene/500/classics.webp",""
"228","http://localhost:8080/","2024-12-9","15:15:36","LCP","403.29999999701977","428.8999999985099","25.600000001490116","-1","ref: <Node>","http://localhost:8080/img/scene/500/classics.webp",""
"229","http://localhost:8080/","2024-12-9","15:15:42","LCP","645.5","671.6000000014901","26.100000001490116","-1","ref: <Node>","http://localhost:8080/img/scene/500/classics.webp",""
"230","http://localhost:8080/","2024-12-9","15:15:49","LCP","646.3999999985099","670.6000000014901","24.200000002980232","-1","ref: <Node>","http://localhost:8080/img/scene/500/classics.webp",""
"231","http://localhost:8080/","2024-12-9","15:15:56","LCP","467.59999999403954","494.09999999403954","26.5","-1","ref: <Node>","http://localhost:8080/img/scene/500/classics.webp",""
"232","http://localhost:8080/","2024-12-9","15:16:02","LCP","669.3999999985099","694.7999999970198","25.399999998509884","-1","ref: <Node>","http://localhost:8080/img/scene/500/classics.webp",""
"233","http://localhost:8080/","2024-12-9","15:16:09","LCP","282.3999999985099","309.20000000298023","26.80000000447035","-1","ref: <Node>","http://localhost:8080/img/scene/500/classics.webp",""
"234","http://localhost:8080/","2024-12-9","15:16:16","LCP","476.30000000447035","503.30000000447035","27","-1","ref: <Node>","http://localhost:8080/img/scene/500/classics.webp",""
"235","http://localhost:8080/","2024-12-9","15:16:22","LCP","554.8999999985099","579.1999999955297","24.299999997019768","-1","ref: <Node>","http://localhost:8080/img/scene/500/classics.webp",""
"236","http://localhost:8080/","2024-12-9","15:16:29","LCP","409.29999999701977","429","19.700000002980232","-1","ref: <Node>","http://localhost:8080/img/scene/500/classics.webp",""
"237","http://localhost:8080/","2024-12-9","15:16:35","LCP","615.1000000014901","633.8000000044703","18.700000002980232","-1","ref: <Node>","http://localhost:8080/img/scene/500/classics.webp",""
"238","http://localhost:8080/","2024-12-9","15:16:42","LCP","563.3999999985099","588.1999999955297","24.799999997019768","-1","ref: <Node>","http://localhost:8080/img/scene/500/classics.webp",""
"239","http://localhost:8080/","2024-12-9","15:16:49","LCP","299.3999999985099","326.20000000298023","26.80000000447035","-1","ref: <Node>","http://localhost:8080/img/scene/500/classics.webp",""
"240","http://localhost:8080/","2024-12-9","15:16:55","LCP","460","486.8999999985099","26.899999998509884","-1","ref: <Node>","http://localhost:8080/img/scene/500/classics.webp",""
"241","http://localhost:8080/","2024-12-9","15:17:02","LCP","635","654","19","-1","ref: <Node>","http://localhost:8080/img/scene/500/classics.webp",""
"242","http://localhost:8080/","2024-12-9","15:17:08","LCP","328.1000000014901","348.1000000014901","20","-1","ref: <Node>","http://localhost:8080/img/scene/500/classics.webp",""
"243","http://localhost:8080/","2024-12-9","15:17:15","LCP","452.70000000298023","471.3999999985099","18.69999999552965","-1","ref: <Node>","http://localhost:8080/img/scene/500/classics.webp",""
"244","http://localhost:8080/","2024-12-9","15:17:22","LCP","300.20000000298023","327","26.799999997019768","-1","ref: <Node>","http://localhost:8080/img/scene/500/classics.webp",""
"245","http://localhost:8080/","2024-12-9","15:17:28","LCP","332.20000000298023","359.29999999701977","27.099999994039536","-1","ref: <Node>","http://localhost:8080/img/scene/500/classics.webp",""
"246","http://localhost:8080/","2024-12-9","15:17:34","LCP","495.69999999552965","514.6000000014901","18.900000005960464","-1","ref: <Node>","http://localhost:8080/img/scene/500/classics.webp",""
"247","http://localhost:8080/","2024-12-9","15:17:41","LCP","532.6000000014901","552.6000000014901","20","-1","ref: <Node>","http://localhost:8080/img/scene/500/classics.webp",""
"248","http://localhost:8080/","2024-12-9","15:17:48","LCP","434.8999999985099","461.8999999985099","27","-1","ref: <Node>","http://localhost:8080/img/scene/500/classics.webp",""
"249","http://localhost:8080/","2024-12-9","15:17:54","LCP","339.20000000298023","366.1000000014901","26.899999998509884","-1","ref: <Node>","http://localhost:8080/img/scene/500/classics.webp",""
"250","http://localhost:8080/","2024-12-9","15:18:01","LCP","289.30000000447035","316.20000000298023","26.899999998509884","-1","ref: <Node>","http://localhost:8080/img/scene/500/classics.webp",""
"251","http://localhost:8080/","2024-12-9","15:18:07","LCP","462.1000000014901","486.8999999985099","24.799999997019768","-1","ref: <Node>","http://localhost:8080/img/scene/500/classics.webp",""
"252","http://localhost:8080/","2024-12-9","15:18:14","LCP","346.6000000014901","373.70000000298023","27.100000001490116","-1","ref: <Node>","http://localhost:8080/img/scene/500/classics.webp",""
"253","http://localhost:8080/","2024-12-9","15:18:20","LCP","626.6999999955297","645.6000000014901","18.900000005960464","-1","ref: <Node>","http://localhost:8080/img/scene/500/classics.webp",""
"254","http://localhost:8080/","2024-12-9","15:18:27","LCP","425.09999999403954","451.8999999985099","26.80000000447035","-1","ref: <Node>","http://localhost:8080/img/scene/500/classics.webp",""
"255","http://localhost:8080/","2024-12-9","15:18:34","LCP","469.59999999403954","495.5","25.900000005960464","-1","ref: <Node>","http://localhost:8080/img/scene/500/classics.webp",""
"256","http://localhost:8080/","2024-12-9","15:18:40","LCP","458.6000000014901","478.6000000014901","20","-1","ref: <Node>","http://localhost:8080/img/scene/500/classics.webp",""
"257","http://localhost:8080/","2024-12-9","15:18:47","LCP","312.8999999985099","331.3999999985099","18.5","-1","ref: <Node>","http://localhost:8080/img/scene/500/classics.webp",""
"258","http://localhost:8080/","2024-12-9","15:18:53","LCP","468.90000000596046","495.90000000596046","27","-1","ref: <Node>","http://localhost:8080/img/scene/500/classics.webp",""
"259","http://localhost:8080/","2024-12-9","15:19:00","LCP","331.19999999552965","350.3999999985099","19.200000002980232","-1","ref: <Node>","http://localhost:8080/img/scene/500/classics.webp",""
"260","http://localhost:8080/","2024-12-9","15:19:06","LCP","555.6000000014901","579.7000000029802","24.100000001490116","-1","ref: <Node>","http://localhost:8080/img/scene/500/classics.webp",""
"261","http://localhost:8080/","2024-12-9","15:19:13","LCP","226.70000000298023","251.39999999850988","24.69999999552965","-1","ref: <Node>","http://localhost:8080/img/scene/500/classics.webp",""
"262","http://localhost:8080/","2024-12-9","15:19:19","LCP","270.3999999985099","296.3999999985099","26","-1","ref: <Node>","http://localhost:8080/img/scene/500/classics.webp",""
"263","http://localhost:8080/","2024-12-9","15:19:26","LCP","799.8999999985099","820.0999999940395","20.19999999552965","-1","ref: <Node>","http://localhost:8080/img/scene/500/classics.webp",""
"264","http://localhost:8080/","2024-12-9","15:19:32","LCP","644.7999999970198","663.6999999955297","18.899999998509884","-1","ref: <Node>","http://localhost:8080/img/scene/500/classics.webp",""
"265","http://localhost:8080/","2024-12-9","15:19:39","LCP","317.70000000298023","336.5","18.799999997019768","-1","ref: <Node>","http://localhost:8080/img/scene/500/classics.webp",""
"266","http://localhost:8080/","2024-12-9","15:19:46","LCP","337.19999999552965","364.29999999701977","27.100000001490116","-1","ref: <Node>","http://localhost:8080/img/scene/500/classics.webp",""
"267","http://localhost:8080/","2024-12-9","15:19:52","LCP","475.20000000298023","495.20000000298023","20","-1","ref: <Node>","http://localhost:8080/img/scene/500/classics.webp",""
"268","http://localhost:8080/","2024-12-9","15:19:59","LCP","508","533.1000000014901","25.100000001490116","-1","ref: <Node>","http://localhost:8080/img/scene/500/classics.webp",""
"269","http://localhost:8080/","2024-12-9","15:20:05","LCP","525.1999999955297","544.7999999970198","19.600000001490116","-1","ref: <Node>","http://localhost:8080/img/scene/500/classics.webp",""
"270","http://localhost:8080/","2024-12-9","15:20:12","LCP","398.3999999985099","422","23.600000001490116","-1","ref: <Node>","http://localhost:8080/img/scene/500/classics.webp",""
"271","http://localhost:8080/","2024-12-9","15:20:19","LCP","459.80000000447035","486.40000000596046","26.600000001490116","-1","ref: <Node>","http://localhost:8080/img/scene/500/classics.webp",""
"272","http://localhost:8080/","2024-12-9","15:20:25","LCP","610.3000000044703","635.3000000044703","25","-1","ref: <Node>","http://localhost:8080/img/scene/500/classics.webp",""
"273","http://localhost:8080/","2024-12-9","15:20:32","LCP","278.70000000298023","304.1000000014901","25.399999998509884","-1","ref: <Node>","http://localhost:8080/img/scene/500/classics.webp",""
"274","http://localhost:8080/","2024-12-9","15:20:38","LCP","509.20000000298023","529.1000000014901","19.899999998509884","-1","ref: <Node>","http://localhost:8080/img/scene/500/classics.webp",""
"275","http://localhost:8080/","2024-12-9","15:20:45","LCP","535.0999999940395","562.0999999940395","27","-1","ref: <Node>","http://localhost:8080/img/scene/500/classics.webp",""
"276","http://localhost:8080/","2024-12-9","15:20:52","LCP","594","618.3999999985099","24.399999998509884","-1","ref: <Node>","http://localhost:8080/img/scene/500/classics.webp",""
"277","http://localhost:8080/","2024-12-9","15:20:58","LCP","497.70000000298023","522.7000000029802","25","-1","ref: <Node>","http://localhost:8080/img/scene/500/classics.webp",""
"278","http://localhost:8080/","2024-12-9","15:21:05","LCP","734.2000000029802","760.5","26.299999997019768","-1","ref: <Node>","http://localhost:8080/img/scene/500/classics.webp",""
"279","http://localhost:8080/","2024-12-9","15:21:12","LCP","536.7999999970198","564.0999999940395","27.299999997019768","-1","ref: <Node>","http://localhost:8080/img/scene/500/classics.webp",""
"280","http://localhost:8080/","2024-12-9","15:21:18","LCP","410.70000000298023","437.70000000298023","27","-1","ref: <Node>","http://localhost:8080/img/scene/500/classics.webp",""
"281","http://localhost:8080/","2024-12-9","15:21:25","LCP","528.2999999970198","555.2999999970198","27","-1","ref: <Node>","http://localhost:8080/img/scene/500/classics.webp",""
"282","http://localhost:8080/","2024-12-9","15:21:32","LCP","427.3999999985099","454.29999999701977","26.899999998509884","-1","ref: <Node>","http://localhost:8080/img/scene/500/classics.webp",""
"283","http://localhost:8080/","2024-12-9","15:21:38","LCP","546.1000000014901","569.7000000029802","23.600000001490116","-1","ref: <Node>","http://localhost:8080/img/scene/500/classics.webp",""
"284","http://localhost:8080/","2024-12-9","15:21:45","LCP","509.59999999403954","542.1999999955297","32.600000001490116","-1","ref: <Node>","http://localhost:8080/img/scene/500/classics.webp",""
"285","http://localhost:8080/","2024-12-9","15:21:52","LCP","321.09999999403954","345.19999999552965","24.100000001490116","-1","ref: <Node>","http://localhost:8080/img/scene/500/classics.webp",""
"286","http://localhost:8080/","2024-12-9","15:21:58","LCP","359.59999999403954","378.5","18.900000005960464","-1","ref: <Node>","http://localhost:8080/img/scene/500/classics.webp",""
"287","http://localhost:8080/","2024-12-9","15:22:04","LCP","439.20000000298023","462.70000000298023","23.5","-1","ref: <Node>","http://localhost:8080/img/scene/500/classics.webp",""
"288","http://localhost:8080/","2024-12-9","15:22:11","LCP","428.5","454","25.5","-1","ref: <Node>","http://localhost:8080/img/scene/500/classics.webp",""
"289","http://localhost:8080/","2024-12-9","15:22:18","LCP","352.3999999985099","378.5","26.100000001490116","-1","ref: <Node>","http://localhost:8080/img/scene/500/classics.webp",""
"290","http://localhost:8080/","2024-12-9","15:22:24","LCP","412.5","439.6000000014901","27.100000001490116","-1","ref: <Node>","http://localhost:8080/img/scene/500/classics.webp",""
"291","http://localhost:8080/","2024-12-9","15:22:31","LCP","457.3999999985099","482.59999999403954","25.19999999552965","-1","ref: <Node>","http://localhost:8080/img/scene/500/classics.webp",""
"292","http://localhost:8080/","2024-12-9","15:22:37","LCP","443.09999999403954","462","18.900000005960464","-1","ref: <Node>","http://localhost:8080/img/scene/500/classics.webp",""
"293","http://localhost:8080/","2024-12-9","15:22:44","LCP","488.70000000298023","507.5","18.799999997019768","-1","ref: <Node>","http://localhost:8080/img/scene/500/classics.webp",""
"294","http://localhost:8080/","2024-12-9","15:22:50","LCP","303.1000000014901","336.70000000298023","33.600000001490116","-1","ref: <Node>","http://localhost:8080/img/scene/500/classics.webp",""
"295","http://localhost:8080/","2024-12-9","15:22:57","LCP","476.6000000014901","503.79999999701977","27.19999999552965","-1","ref: <Node>","http://localhost:8080/img/scene/500/classics.webp",""
"296","http://localhost:8080/","2024-12-9","15:23:03","LCP","466.6000000014901","493.20000000298023","26.600000001490116","-1","ref: <Node>","http://localhost:8080/img/scene/500/classics.webp",""
"297","http://localhost:8080/","2024-12-9","15:23:10","LCP","559.3999999985099","586.3999999985099","27","-1","ref: <Node>","http://localhost:8080/img/scene/500/classics.webp",""
"298","http://localhost:8080/","2024-12-9","15:23:17","LCP","425.5","452.69999999552965","27.19999999552965","-1","ref: <Node>","http://localhost:8080/img/scene/500/classics.webp",""
"299","http://localhost:8080/","2024-12-9","15:23:23","LCP","437","463","26","-1","ref: <Node>","http://localhost:8080/img/scene/500/classics.webp",""
"300","http://localhost:8080/","2024-12-9","15:23:30","LCP","287.5","312.5","25","-1","ref: <Node>","http://localhost:8080/img/scene/500/classics.webp",""
"301","http://localhost:8080/","2024-12-9","15:23:36","LCP","460.3999999985099","487.29999999701977","26.899999998509884","-1","ref: <Node>","http://localhost:8080/img/scene/500/classics.webp",""
"302","http://localhost:8080/","2024-12-9","15:23:43","LCP","236.30000000447035","263.30000000447035","27","-1","ref: <Node>","http://localhost:8080/img/scene/500/classics.webp",""
"303","http://localhost:8080/","2024-12-9","15:23:49","LCP","452.09999999403954","479.09999999403954","27","-1","ref: <Node>","http://localhost:8080/img/scene/500/classics.webp",""
"304","http://localhost:8080/","2024-12-9","15:23:56","LCP","643.5","670.7000000029802","27.200000002980232","-1","ref: <Node>","http://localhost:8080/img/scene/500/classics.webp",""
"305","http://localhost:8080/","2024-12-9","15:24:02","LCP","442.29999999701977","476.79999999701977","34.5","-1","ref: <Node>","http://localhost:8080/img/scene/500/classics.webp",""
"306","http://localhost:8080/","2024-12-9","15:24:09","LCP","739.8000000044703","764","24.19999999552965","-1","ref: <Node>","http://localhost:8080/img/scene/500/classics.webp",""
"307","http://localhost:8080/","2024-12-9","15:24:16","LCP","621.8999999985099","646.5999999940395","24.69999999552965","-1","ref: <Node>","http://localhost:8080/img/scene/500/classics.webp",""
"308","http://localhost:8080/","2024-12-9","15:24:23","LCP","513.8999999985099","537.6999999955297","23.799999997019768","-1","ref: <Node>","http://localhost:8080/img/scene/500/classics.webp",""
"309","http://localhost:8080/","2024-12-9","15:24:29","LCP","258.59999999403954","277.5","18.900000005960464","-1","ref: <Node>","http://localhost:8080/img/scene/500/classics.webp",""
"310","http://localhost:8080/","2024-12-9","15:24:36","LCP","244.19999999552965","270.79999999701977","26.600000001490116","-1","ref: <Node>","http://localhost:8080/img/scene/500/classics.webp",""
"311","http://localhost:8080/","2024-12-9","15:24:42","LCP","434","453.69999999552965","19.69999999552965","-1","ref: <Node>","http://localhost:8080/img/scene/500/classics.webp",""
"312","http://localhost:8080/","2024-12-9","15:24:48","LCP","426.8999999985099","453.79999999701977","26.899999998509884","-1","ref: <Node>","http://localhost:8080/img/scene/500/classics.webp",""
"313","http://localhost:8080/","2024-12-9","15:24:55","LCP","481.90000000596046","501.40000000596046","19.5","-1","ref: <Node>","http://localhost:8080/img/scene/500/classics.webp",""
"314","http://localhost:8080/","2024-12-9","15:25:02","LCP","245.20000000298023","264.70000000298023","19.5","-1","ref: <Node>","http://localhost:8080/img/scene/500/classics.webp",""
"315","http://localhost:8080/","2024-12-9","15:25:08","LCP","367.3999999985099","393.79999999701977","26.399999998509884","-1","ref: <Node>","http://localhost:8080/img/scene/500/classics.webp",""
"316","http://localhost:8080/","2024-12-9","15:25:14","LCP","230.20000000298023","249.20000000298023","19","-1","ref: <Node>","http://localhost:8080/img/scene/500/classics.webp",""
"317","http://localhost:8080/","2024-12-9","15:25:21","LCP","546.5","571.8000000044703","25.30000000447035","-1","ref: <Node>","http://localhost:8080/img/scene/500/classics.webp",""
"318","http://localhost:8080/","2024-12-9","15:25:27","LCP","489.30000000447035","509.20000000298023","19.899999998509884","-1","ref: <Node>","http://localhost:8080/img/scene/500/classics.webp",""
"319","http://localhost:8080/","2024-12-9","15:25:34","LCP","484.40000000596046","511.30000000447035","26.899999998509884","-1","ref: <Node>","http://localhost:8080/img/scene/500/classics.webp",""
"320","http://localhost:8080/","2024-12-9","15:25:41","LCP","428.6000000014901","455.5","26.899999998509884","-1","ref: <Node>","http://localhost:8080/img/scene/500/classics.webp",""
"321","http://localhost:8080/","2024-12-9","15:25:47","LCP","302.6000000014901","328.30000000447035","25.700000002980232","-1","ref: <Node>","http://localhost:8080/img/scene/500/classics.webp",""
"322","http://localhost:8080/","2024-12-9","15:25:54","LCP","317.70000000298023","345.1000000014901","27.399999998509884","-1","ref: <Node>","http://localhost:8080/img/scene/500/classics.webp",""
"323","http://localhost:8080/","2024-12-9","15:26:00","LCP","373.20000000298023","400.1000000014901","26.899999998509884","-1","ref: <Node>","http://localhost:8080/img/scene/500/classics.webp",""
"324","http://localhost:8080/","2024-12-9","15:26:07","LCP","301.29999999701977","320.19999999552965","18.899999998509884","-1","ref: <Node>","http://localhost:8080/img/scene/500/classics.webp",""
"325","http://localhost:8080/","2024-12-9","15:26:13","LCP","373.59999999403954","400.3999999985099","26.80000000447035","-1","ref: <Node>","http://localhost:8080/img/scene/500/classics.webp",""
"326","http://localhost:8080/","2024-12-9","15:26:19","LCP","311.90000000596046","338.70000000298023","26.799999997019768","-1","ref: <Node>","http://localhost:8080/img/scene/500/classics.webp",""
"327","http://localhost:8080/","2024-12-9","15:26:26","LCP","239.30000000447035","266.3999999985099","27.099999994039536","-1","ref: <Node>","http://localhost:8080/img/scene/500/classics.webp",""
"328","http://localhost:8080/","2024-12-9","15:26:32","LCP","316.20000000298023","343.1000000014901","26.899999998509884","-1","ref: <Node>","http://localhost:8080/img/scene/500/classics.webp",""
"329","http://localhost:8080/","2024-12-9","15:26:39","LCP","350.3999999985099","377.29999999701977","26.899999998509884","-1","ref: <Node>","http://localhost:8080/img/scene/500/classics.webp",""
"330","http://localhost:8080/","2024-12-9","15:26:45","LCP","515","542","27","-1","ref: <Node>","http://localhost:8080/img/scene/500/classics.webp",""
"331","http://localhost:8080/","2024-12-9","15:26:52","LCP","535.6000000014901","561.7999999970198","26.19999999552965","-1","ref: <Node>","http://localhost:8080/img/scene/500/classics.webp",""
"332","http://localhost:8080/","2024-12-9","15:26:58","LCP","322.79999999701977","349.69999999552965","26.899999998509884","-1","ref: <Node>","http://localhost:8080/img/scene/500/classics.webp",""
"333","http://localhost:8080/","2024-12-9","15:27:05","LCP","517.3999999985099","536.3999999985099","19","-1","ref: <Node>","http://localhost:8080/img/scene/500/classics.webp",""
"334","http://localhost:8080/","2024-12-9","15:27:12","LCP","527.2999999970198","554.5","27.200000002980232","-1","ref: <Node>","http://localhost:8080/img/scene/500/classics.webp",""
"335","http://localhost:8080/","2024-12-9","15:27:18","LCP","540.4000000059605","559.1000000014901","18.69999999552965","-1","ref: <Node>","http://localhost:8080/img/scene/500/classics.webp",""
"336","http://localhost:8080/","2024-12-9","15:27:25","LCP","636.5","662.8000000044703","26.30000000447035","-1","ref: <Node>","http://localhost:8080/img/scene/500/classics.webp",""
"337","http://localhost:8080/","2024-12-9","15:27:32","LCP","625.8999999985099","653.2999999970198","27.399999998509884","-1","ref: <Node>","http://localhost:8080/img/scene/500/classics.webp",""
"338","http://localhost:8080/","2024-12-9","15:27:38","LCP","423.80000000447035","442.80000000447035","19","-1","ref: <Node>","http://localhost:8080/img/scene/500/classics.webp",""
"339","http://localhost:8080/","2024-12-9","15:27:45","LCP","405","428.69999999552965","23.69999999552965","-1","ref: <Node>","http://localhost:8080/img/scene/500/classics.webp",""
"340","http://localhost:8080/","2024-12-9","15:27:52","LCP","285.3999999985099","312.79999999701977","27.399999998509884","-1","ref: <Node>","http://localhost:8080/img/scene/500/classics.webp",""
"341","http://localhost:8080/","2024-12-9","15:27:58","LCP","352.69999999552965","379.69999999552965","27","-1","ref: <Node>","http://localhost:8080/img/scene/500/classics.webp",""
"342","http://localhost:8080/","2024-12-9","15:28:04","LCP","425.30000000447035","452.90000000596046","27.600000001490116","-1","ref: <Node>","http://localhost:8080/img/scene/500/classics.webp",""
"343","http://localhost:8080/","2024-12-9","15:28:11","LCP","450.8999999985099","478.1000000014901","27.200000002980232","-1","ref: <Node>","http://localhost:8080/img/scene/500/classics.webp",""
"344","http://localhost:8080/","2024-12-9","15:28:17","LCP","440","459.70000000298023","19.700000002980232","-1","ref: <Node>","http://localhost:8080/img/scene/500/classics.webp",""
"345","http://localhost:8080/","2024-12-9","15:28:24","LCP","626.6000000014901","645.6000000014901","19","-1","ref: <Node>","http://localhost:8080/img/scene/500/classics.webp",""
"346","http://localhost:8080/","2024-12-9","15:28:31","LCP","540.1999999955297","560.2999999970198","20.100000001490116","-1","ref: <Node>","http://localhost:8080/img/scene/500/classics.webp",""
"347","http://localhost:8080/","2024-12-9","15:28:37","LCP","620.4000000059605","647.2000000029802","26.799999997019768","-1","ref: <Node>","http://localhost:8080/img/scene/500/classics.webp",""
"348","http://localhost:8080/","2024-12-9","15:28:44","LCP","630.2000000029802","654.3000000044703","24.100000001490116","-1","ref: <Node>","http://localhost:8080/img/scene/500/classics.webp",""
"349","http://localhost:8080/","2024-12-9","15:28:51","LCP","725.5","751.3000000044703","25.80000000447035","-1","ref: <Node>","http://localhost:8080/img/scene/500/classics.webp",""
"350","http://localhost:8080/","2024-12-9","15:28:58","LCP","649.3999999985099","676.3999999985099","27","-1","ref: <Node>","http://localhost:8080/img/scene/500/classics.webp",""
"351","http://localhost:8080/","2024-12-9","15:29:05","LCP","414.29999999701977","437.69999999552965","23.399999998509884","-1","ref: <Node>","http://localhost:8080/img/scene/500/classics.webp",""
"352","http://localhost:8080/","2024-12-9","15:29:11","LCP","515.6999999955297","542.8999999985099","27.200000002980232","-1","ref: <Node>","http://localhost:8080/img/scene/500/classics.webp",""
"353","http://localhost:8080/","2024-12-9","15:29:18","LCP","608.7000000029802","635.9000000059605","27.200000002980232","-1","ref: <Node>","http://localhost:8080/img/scene/500/classics.webp",""
"354","http://localhost:8080/","2024-12-9","15:29:25","LCP","389.79999999701977","416.69999999552965","26.899999998509884","-1","ref: <Node>","http://localhost:8080/img/scene/500/classics.webp",""
"355","http://localhost:8080/","2024-12-9","15:29:31","LCP","368","388.09999999403954","20.099999994039536","-1","ref: <Node>","http://localhost:8080/img/scene/500/classics.webp",""
"356","http://localhost:8080/","2024-12-9","15:29:38","LCP","609.3999999985099","636.6000000014901","27.200000002980232","-1","ref: <Node>","http://localhost:8080/img/scene/500/classics.webp",""
"357","http://localhost:8080/","2024-12-9","15:29:44","LCP","418.6000000014901","445.5","26.899999998509884","-1","ref: <Node>","http://localhost:8080/img/scene/500/classics.webp",""
"358","http://localhost:8080/","2024-12-9","15:29:51","LCP","575.2000000029802","595","19.799999997019768","-1","ref: <Node>","http://localhost:8080/img/scene/500/classics.webp",""
"359","http://localhost:8080/","2024-12-9","15:29:58","LCP","435.3999999985099","461.5","26.100000001490116","-1","ref: <Node>","http://localhost:8080/img/scene/500/classics.webp",""
"360","http://localhost:8080/","2024-12-9","15:30:04","LCP","629.3999999985099","656.3999999985099","27","-1","ref: <Node>","http://localhost:8080/img/scene/500/classics.webp",""
"361","http://localhost:8080/","2024-12-9","15:30:11","LCP","316.69999999552965","343.69999999552965","27","-1","ref: <Node>","http://localhost:8080/img/scene/500/classics.webp",""
"362","http://localhost:8080/","2024-12-9","15:30:17","LCP","475.1000000014901","495.29999999701977","20.19999999552965","-1","ref: <Node>","http://localhost:8080/img/scene/500/classics.webp",""
"363","http://localhost:8080/","2024-12-9","15:30:24","LCP","583.1000000014901","603.6000000014901","20.5","-1","ref: <Node>","http://localhost:8080/img/scene/500/classics.webp",""
"364","http://localhost:8080/","2024-12-9","15:30:31","LCP","294.6000000014901","319.70000000298023","25.100000001490116","-1","ref: <Node>","http://localhost:8080/img/scene/500/classics.webp",""
"365","http://localhost:8080/","2024-12-9","15:30:37","LCP","452.29999999701977","477.8999999985099","25.600000001490116","-1","ref: <Node>","http://localhost:8080/img/scene/500/classics.webp",""
"366","http://localhost:8080/","2024-12-9","15:30:44","LCP","430.3999999985099","457.3999999985099","27","-1","ref: <Node>","http://localhost:8080/img/scene/500/classics.webp",""
"367","http://localhost:8080/","2024-12-9","15:30:50","LCP","473.29999999701977","499","25.700000002980232","-1","ref: <Node>","http://localhost:8080/img/scene/500/classics.webp",""
"368","http://localhost:8080/","2024-12-9","15:30:57","LCP","362.1000000014901","389","26.899999998509884","-1","ref: <Node>","http://localhost:8080/img/scene/500/classics.webp",""
"369","http://localhost:8080/","2024-12-9","15:31:03","LCP","518.6000000014901","545.7000000029802","27.100000001490116","-1","ref: <Node>","http://localhost:8080/img/scene/500/classics.webp",""
"370","http://localhost:8080/","2024-12-9","15:31:10","LCP","485.5","512.4000000059605","26.900000005960464","-1","ref: <Node>","http://localhost:8080/img/scene/500/classics.webp",""
"371","http://localhost:8080/","2024-12-9","15:31:17","LCP","302.1000000014901","329.30000000447035","27.200000002980232","-1","ref: <Node>","http://localhost:8080/img/scene/500/classics.webp",""
"372","http://localhost:8080/","2024-12-9","15:31:23","LCP","659.2999999970198","686.2999999970198","27","-1","ref: <Node>","http://localhost:8080/img/scene/500/classics.webp",""
"373","http://localhost:8080/","2024-12-9","15:31:30","LCP","516.2999999970198","535.1999999955297","18.899999998509884","-1","ref: <Node>","http://localhost:8080/img/scene/500/classics.webp",""
"374","http://localhost:8080/","2024-12-9","15:31:36","LCP","434.8999999985099","453.80000000447035","18.900000005960464","-1","ref: <Node>","http://localhost:8080/img/scene/500/classics.webp",""
"375","http://localhost:8080/","2024-12-9","15:31:43","LCP","548.1999999955297","581.1000000014901","32.900000005960464","-1","ref: <Node>","http://localhost:8080/img/scene/500/classics.webp",""
"376","http://localhost:8080/","2024-12-9","15:31:50","LCP","712.2000000029802","739.2000000029802","27","-1","ref: <Node>","http://localhost:8080/img/scene/500/classics.webp",""
"377","http://localhost:8080/","2024-12-9","15:31:57","LCP","443.19999999552965","470.29999999701977","27.100000001490116","-1","ref: <Node>","http://localhost:8080/img/scene/500/classics.webp",""
"378","http://localhost:8080/","2024-12-9","15:32:03","LCP","522.8999999985099","546.6000000014901","23.700000002980232","-1","ref: <Node>","http://localhost:8080/img/scene/500/classics.webp",""
"379","http://localhost:8080/","2024-12-9","15:32:10","LCP","643.6000000014901","670.4000000059605","26.80000000447035","-1","ref: <Node>","http://localhost:8080/img/scene/500/classics.webp",""
"380","http://localhost:8080/","2024-12-9","15:32:17","LCP","299.20000000298023","318.6000000014901","19.399999998509884","-1","ref: <Node>","http://localhost:8080/img/scene/500/classics.webp",""
"381","http://localhost:8080/","2024-12-9","15:32:23","LCP","655.3000000044703","679.8000000044703","24.5","-1","ref: <Node>","http://localhost:8080/img/scene/500/classics.webp",""
"382","http://localhost:8080/","2024-12-9","15:32:30","LCP","618.1000000014901","637.8000000044703","19.700000002980232","-1","ref: <Node>","http://localhost:8080/img/scene/500/classics.webp",""
"383","http://localhost:8080/","2024-12-9","15:32:37","LCP","428.5","452","23.5","-1","ref: <Node>","http://localhost:8080/img/scene/500/classics.webp",""
"384","http://localhost:8080/","2024-12-9","15:32:43","LCP","460.1000000014901","479.79999999701977","19.69999999552965","-1","ref: <Node>","http://localhost:8080/img/scene/500/classics.webp",""
"385","http://localhost:8080/","2024-12-9","15:32:50","LCP","509.20000000298023","528.2999999970198","19.099999994039536","-1","ref: <Node>","http://localhost:8080/img/scene/500/classics.webp",""
"386","http://localhost:8080/","2024-12-9","15:32:56","LCP","339.6000000014901","366.6000000014901","27","-1","ref: <Node>","http://localhost:8080/img/scene/500/classics.webp",""
"387","http://localhost:8080/","2024-12-9","15:33:03","LCP","410","429.3999999985099","19.399999998509884","-1","ref: <Node>","http://localhost:8080/img/scene/500/classics.webp",""
"388","http://localhost:8080/","2024-12-9","15:33:09","LCP","493.70000000298023","520.1000000014901","26.399999998509884","-1","ref: <Node>","http://localhost:8080/img/scene/500/classics.webp",""
"389","http://localhost:8080/","2024-12-9","15:33:16","LCP","484.69999999552965","510.8999999985099","26.200000002980232","-1","ref: <Node>","http://localhost:8080/img/scene/500/classics.webp",""
"390","http://localhost:8080/","2024-12-9","15:33:23","LCP","346.79999999701977","365.79999999701977","19","-1","ref: <Node>","http://localhost:8080/img/scene/500/classics.webp",""
"391","http://localhost:8080/","2024-12-9","15:33:29","LCP","334.30000000447035","361.20000000298023","26.899999998509884","-1","ref: <Node>","http://localhost:8080/img/scene/500/classics.webp",""
"392","http://localhost:8080/","2024-12-9","15:33:35","LCP","475.79999999701977","496","20.200000002980232","-1","ref: <Node>","http://localhost:8080/img/scene/500/classics.webp",""
"393","http://localhost:8080/","2024-12-9","15:33:42","LCP","450.69999999552965","477.79999999701977","27.100000001490116","-1","ref: <Node>","http://localhost:8080/img/scene/500/classics.webp",""
"394","http://localhost:8080/","2024-12-9","15:33:49","LCP","456.3999999985099","483.29999999701977","26.899999998509884","-1","ref: <Node>","http://localhost:8080/img/scene/500/classics.webp",""
"395","http://localhost:8080/","2024-12-9","15:33:55","LCP","589.9000000059605","615.6000000014901","25.69999999552965","-1","ref: <Node>","http://localhost:8080/img/scene/500/classics.webp",""
"396","http://localhost:8080/","2024-12-9","15:34:02","LCP","735.7000000029802","761.8000000044703","26.100000001490116","-1","ref: <Node>","http://localhost:8080/img/scene/500/classics.webp",""
"397","http://localhost:8080/","2024-12-9","15:34:09","LCP","324.79999999701977","352","27.200000002980232","-1","ref: <Node>","http://localhost:8080/img/scene/500/classics.webp",""
"398","http://localhost:8080/","2024-12-9","15:34:15","LCP","445.79999999701977","472.6000000014901","26.80000000447035","-1","ref: <Node>","http://localhost:8080/img/scene/500/classics.webp",""
"399","http://localhost:8080/","2024-12-9","15:34:22","LCP","596.6000000014901","619.8999999985099","23.299999997019768","-1","ref: <Node>","http://localhost:8080/img/scene/500/classics.webp",""
"400","http://localhost:8080/","2024-12-9","15:34:29","LCP","358.5","377.1000000014901","18.600000001490116","-1","ref: <Node>","http://localhost:8080/img/scene/500/classics.webp",""
"401","http://localhost:8080/","2024-12-9","15:34:35","LCP","494","519.8999999985099","25.899999998509884","-1","ref: <Node>","http://localhost:8080/img/scene/500/classics.webp",""
"402","http://localhost:8080/","2024-12-9","15:34:42","LCP","551.3999999985099","575.6999999955297","24.299999997019768","-1","ref: <Node>","http://localhost:8080/img/scene/500/classics.webp",""
"403","http://localhost:8080/","2024-12-9","15:34:48","LCP","425.5","444.5","19","-1","ref: <Node>","http://localhost:8080/img/scene/500/classics.webp",""
"404","http://localhost:8080/","2024-12-9","15:34:55","LCP","637.1000000014901","660.3999999985099","23.299999997019768","-1","ref: <Node>","http://localhost:8080/img/scene/500/classics.webp",""
"405","http://localhost:8080/","2024-12-9","15:35:02","LCP","341.70000000298023","360.5","18.799999997019768","-1","ref: <Node>","http://localhost:8080/img/scene/500/classics.webp",""
"406","http://localhost:8080/","2024-12-9","15:35:08","LCP","543.6000000014901","569.6000000014901","26","-1","ref: <Node>","http://localhost:8080/img/scene/500/classics.webp",""
"407","http://localhost:8080/","2024-12-9","15:35:15","LCP","419.6000000014901","447.6000000014901","28","-1","ref: <Node>","http://localhost:8080/img/scene/500/classics.webp",""
"408","http://localhost:8080/","2024-12-9","15:35:21","LCP","636.3999999985099","662.2000000029802","25.80000000447035","-1","ref: <Node>","http://localhost:8080/img/scene/500/classics.webp",""
"409","http://localhost:8080/","2024-12-9","15:35:28","LCP","419.3999999985099","445.70000000298023","26.30000000447035","-1","ref: <Node>","http://localhost:8080/img/scene/500/classics.webp",""
"410","http://localhost:8080/","2024-12-9","15:35:35","LCP","416.70000000298023","443.8999999985099","27.19999999552965","-1","ref: <Node>","http://localhost:8080/img/scene/500/classics.webp",""
"411","http://localhost:8080/","2024-12-9","15:35:41","LCP","584","603.1999999955297","19.19999999552965","-1","ref: <Node>","http://localhost:8080/img/scene/500/classics.webp",""
"412","http://localhost:8080/","2024-12-9","15:35:48","LCP","493.30000000447035","520.1000000014901","26.799999997019768","-1","ref: <Node>","http://localhost:8080/img/scene/500/classics.webp",""
"413","http://localhost:8080/","2024-12-9","15:35:54","LCP","408.3999999985099","431.69999999552965","23.299999997019768","-1","ref: <Node>","http://localhost:8080/img/scene/500/classics.webp",""
"414","http://localhost:8080/","2024-12-9","15:36:01","LCP","440.20000000298023","460.1000000014901","19.899999998509884","-1","ref: <Node>","http://localhost:8080/img/scene/500/classics.webp",""
"415","http://localhost:8080/","2024-12-9","15:36:08","LCP","313.3999999985099","332.19999999552965","18.799999997019768","-1","ref: <Node>","http://localhost:8080/img/scene/500/classics.webp",""
"416","http://localhost:8080/","2024-12-9","15:36:14","LCP","389.3999999985099","412.09999999403954","22.69999999552965","-1","ref: <Node>","http://localhost:8080/img/scene/500/classics.webp",""
"417","http://localhost:8080/","2024-12-9","15:36:21","LCP","304.80000000447035","329.1000000014901","24.299999997019768","-1","ref: <Node>","http://localhost:8080/img/scene/500/classics.webp",""
"418","http://localhost:8080/","2024-12-9","15:36:27","LCP","419.8999999985099","445.8999999985099","26","-1","ref: <Node>","http://localhost:8080/img/scene/500/classics.webp",""
"419","http://localhost:8080/","2024-12-9","15:36:33","LCP","317.3999999985099","344.29999999701977","26.899999998509884","-1","ref: <Node>","http://localhost:8080/img/scene/500/classics.webp",""
"420","http://localhost:8080/","2024-12-9","15:36:40","LCP","554.2000000029802","581.2000000029802","27","-1","ref: <Node>","http://localhost:8080/img/scene/500/classics.webp",""
"421","http://localhost:8080/","2024-12-9","15:36:47","LCP","227","252.70000000298023","25.700000002980232","-1","ref: <Node>","http://localhost:8080/img/scene/500/classics.webp",""
"422","http://localhost:8080/","2024-12-9","15:36:53","LCP","288","311.8999999985099","23.899999998509884","-1","ref: <Node>","http://localhost:8080/img/scene/500/classics.webp",""
"423","http://localhost:8080/","2024-12-9","15:36:59","LCP","548.1000000014901","575.3999999985099","27.299999997019768","-1","ref: <Node>","http://localhost:8080/img/scene/500/classics.webp",""
"424","http://localhost:8080/","2024-12-9","15:37:06","LCP","540.8999999985099","559.6999999955297","18.799999997019768","-1","ref: <Node>","http://localhost:8080/img/scene/500/classics.webp",""
"425","http://localhost:8080/","2024-12-9","15:37:13","LCP","291.1000000014901","318","26.899999998509884","-1","ref: <Node>","http://localhost:8080/img/scene/500/classics.webp",""
"426","http://localhost:8080/","2024-12-9","15:37:19","LCP","665.7999999970198","691.1999999955297","25.399999998509884","-1","ref: <Node>","http://localhost:8080/img/scene/500/classics.webp",""
"427","http://localhost:8080/","2024-12-9","15:37:26","LCP","628.4000000059605","653.8000000044703","25.399999998509884","-1","ref: <Node>","http://localhost:8080/img/scene/500/classics.webp",""
"428","http://localhost:8080/","2024-12-9","15:37:33","LCP","508.6000000014901","529","20.399999998509884","-1","ref: <Node>","http://localhost:8080/img/scene/500/classics.webp",""
"429","http://localhost:8080/","2024-12-9","15:37:39","LCP","425","452","27","-1","ref: <Node>","http://localhost:8080/img/scene/500/classics.webp",""
"430","http://localhost:8080/","2024-12-9","15:37:46","LCP","727.8000000044703","753.7000000029802","25.899999998509884","-1","ref: <Node>","http://localhost:8080/img/scene/500/classics.webp",""
"431","http://localhost:8080/","2024-12-9","15:37:53","LCP","428.80000000447035","453.70000000298023","24.899999998509884","-1","ref: <Node>","http://localhost:8080/img/scene/500/classics.webp",""
"432","http://localhost:8080/","2024-12-9","15:37:59","LCP","713.4000000059605","738.9000000059605","25.5","-1","ref: <Node>","http://localhost:8080/img/scene/500/classics.webp",""
"433","http://localhost:8080/","2024-12-9","15:38:06","LCP","519.3000000044703","538.2000000029802","18.899999998509884","-1","ref: <Node>","http://localhost:8080/img/scene/500/classics.webp",""
"434","http://localhost:8080/","2024-12-9","15:38:13","LCP","370.79999999701977","398","27.200000002980232","-1","ref: <Node>","http://localhost:8080/img/scene/500/classics.webp",""
"435","http://localhost:8080/","2024-12-9","15:38:19","LCP","395.8999999985099","423","27.100000001490116","-1","ref: <Node>","http://localhost:8080/img/scene/500/classics.webp",""
"436","http://localhost:8080/","2024-12-9","15:38:26","LCP","492.90000000596046","518.2000000029802","25.299999997019768","-1","ref: <Node>","http://localhost:8080/img/scene/500/classics.webp",""
"437","http://localhost:8080/","2024-12-9","15:38:32","LCP","497.69999999552965","516.2999999970198","18.600000001490116","-1","ref: <Node>","http://localhost:8080/img/scene/500/classics.webp",""
"438","http://localhost:8080/","2024-12-9","15:38:39","LCP","487.3999999985099","514.6000000014901","27.200000002980232","-1","ref: <Node>","http://localhost:8080/img/scene/500/classics.webp",""
"439","http://localhost:8080/","2024-12-9","15:38:46","LCP","368","386.59999999403954","18.599999994039536","-1","ref: <Node>","http://localhost:8080/img/scene/500/classics.webp",""
"440","http://localhost:8080/","2024-12-9","15:38:52","LCP","381.09999999403954","406.3999999985099","25.30000000447035","-1","ref: <Node>","http://localhost:8080/img/scene/500/classics.webp",""
"441","http://localhost:8080/","2024-12-9","15:38:59","LCP","402.5","429.5","27","-1","ref: <Node>","http://localhost:8080/img/scene/500/classics.webp",""
"442","http://localhost:8080/","2024-12-9","15:39:05","LCP","404.1000000014901","437","32.899999998509884","-1","ref: <Node>","http://localhost:8080/img/scene/500/classics.webp",""
"443","http://localhost:8080/","2024-12-9","15:39:12","LCP","652.2000000029802","679.3999999985099","27.19999999552965","-1","ref: <Node>","http://localhost:8080/img/scene/500/classics.webp",""
"444","http://localhost:8080/","2024-12-9","15:39:18","LCP","396.29999999701977","423.1000000014901","26.80000000447035","-1","ref: <Node>","http://localhost:8080/img/scene/500/classics.webp",""
"445","http://localhost:8080/","2024-12-9","15:39:25","LCP","342.69999999552965","369.5","26.80000000447035","-1","ref: <Node>","http://localhost:8080/img/scene/500/classics.webp",""
"446","http://localhost:8080/","2024-12-9","15:39:31","LCP","428.5","455.79999999701977","27.299999997019768","-1","ref: <Node>","http://localhost:8080/img/scene/500/classics.webp",""
"447","http://localhost:8080/","2024-12-9","15:39:38","LCP","649.3999999985099","668.5","19.100000001490116","-1","ref: <Node>","http://localhost:8080/img/scene/500/classics.webp",""
"448","http://localhost:8080/","2024-12-9","15:39:45","LCP","513.7000000029802","546.5","32.79999999701977","-1","ref: <Node>","http://localhost:8080/img/scene/500/classics.webp",""
"449","http://localhost:8080/","2024-12-9","15:39:51","LCP","427.20000000298023","460.70000000298023","33.5","-1","ref: <Node>","http://localhost:8080/img/scene/500/classics.webp",""
"450","http://localhost:8080/","2024-12-9","15:39:58","LCP","394.20000000298023","420.20000000298023","26","-1","ref: <Node>","http://localhost:8080/img/scene/500/classics.webp",""
"451","http://localhost:8080/","2024-12-9","15:40:04","LCP","428.09999999403954","454.5","26.400000005960464","-1","ref: <Node>","http://localhost:8080/img/scene/500/classics.webp",""
"452","http://localhost:8080/","2024-12-9","15:40:11","LCP","743.8000000044703","762.7000000029802","18.899999998509884","-1","ref: <Node>","http://localhost:8080/img/scene/500/classics.webp",""
"453","http://localhost:8080/","2024-12-9","15:40:18","LCP","401.30000000447035","428.5","27.19999999552965","-1","ref: <Node>","http://localhost:8080/img/scene/500/classics.webp",""
"454","http://localhost:8080/","2024-12-9","15:40:24","LCP","275.30000000447035","302","26.69999999552965","-1","ref: <Node>","http://localhost:8080/img/scene/500/classics.webp",""
"455","http://localhost:8080/","2024-12-9","15:40:31","LCP","488.6000000014901","515.6000000014901","27","-1","ref: <Node>","http://localhost:8080/img/scene/500/classics.webp",""
"456","http://localhost:8080/","2024-12-9","15:40:37","LCP","426.69999999552965","446","19.30000000447035","-1","ref: <Node>","http://localhost:8080/img/scene/500/classics.webp",""
"457","http://localhost:8080/","2024-12-9","15:40:44","LCP","457.09999999403954","484.09999999403954","27","-1","ref: <Node>","http://localhost:8080/img/scene/500/classics.webp",""
"458","http://localhost:8080/","2024-12-9","15:40:51","LCP","384.29999999701977","411.29999999701977","27","-1","ref: <Node>","http://localhost:8080/img/scene/500/classics.webp",""
"459","http://localhost:8080/","2024-12-9","15:40:57","LCP","486.8999999985099","513.8000000044703","26.900000005960464","-1","ref: <Node>","http://localhost:8080/img/scene/500/classics.webp",""
"460","http://localhost:8080/","2024-12-9","15:41:04","LCP","336.29999999701977","363.3999999985099","27.100000001490116","-1","ref: <Node>","http://localhost:8080/img/scene/500/classics.webp",""
"461","http://localhost:8080/","2024-12-9","15:41:10","LCP","608.2999999970198","628.7999999970198","20.5","-1","ref: <Node>","http://localhost:8080/img/scene/500/classics.webp",""
"462","http://localhost:8080/","2024-12-9","15:41:17","LCP","678.1999999955297","697.6999999955297","19.5","-1","ref: <Node>","http://localhost:8080/img/scene/500/classics.webp",""
"463","http://localhost:8080/","2024-12-9","15:41:24","LCP","418.20000000298023","445.5","27.299999997019768","-1","ref: <Node>","http://localhost:8080/img/scene/500/classics.webp",""
"464","http://localhost:8080/","2024-12-9","15:41:30","LCP","444.5","471.3999999985099","26.899999998509884","-1","ref: <Node>","http://localhost:8080/img/scene/500/classics.webp",""
"465","http://localhost:8080/","2024-12-9","15:41:37","LCP","398.80000000447035","425.5","26.69999999552965","-1","ref: <Node>","http://localhost:8080/img/scene/500/classics.webp",""
"466","http://localhost:8080/","2024-12-9","15:41:43","LCP","428.1000000014901","452.70000000298023","24.600000001490116","-1","ref: <Node>","http://localhost:8080/img/scene/500/classics.webp",""
"467","http://localhost:8080/","2024-12-9","15:41:50","LCP","441.6000000014901","468","26.399999998509884","-1","ref: <Node>","http://localhost:8080/img/scene/500/classics.webp",""
"468","http://localhost:8080/","2024-12-9","15:41:57","LCP","370.3999999985099","396.69999999552965","26.299999997019768","-1","ref: <Node>","http://localhost:8080/img/scene/500/classics.webp",""
"469","http://localhost:8080/","2024-12-9","15:42:03","LCP","410.70000000298023","429.70000000298023","19","-1","ref: <Node>","http://localhost:8080/img/scene/500/classics.webp",""
"470","http://localhost:8080/","2024-12-9","15:42:10","LCP","575.8000000044703","602.7000000029802","26.899999998509884","-1","ref: <Node>","http://localhost:8080/img/scene/500/classics.webp",""
"471","http://localhost:8080/","2024-12-9","15:42:16","LCP","461.40000000596046","485.70000000298023","24.299999997019768","-1","ref: <Node>","http://localhost:8080/img/scene/500/classics.webp",""
"472","http://localhost:8080/","2024-12-9","15:42:23","LCP","401","428.69999999552965","27.69999999552965","-1","ref: <Node>","http://localhost:8080/img/scene/500/classics.webp",""
"473","http://localhost:8080/","2024-12-9","15:42:29","LCP","508.30000000447035","526.7000000029802","18.399999998509884","-1","ref: <Node>","http://localhost:8080/img/scene/500/classics.webp",""
"474","http://localhost:8080/","2024-12-9","15:42:36","LCP","571.0999999940395","596.0999999940395","25","-1","ref: <Node>","http://localhost:8080/img/scene/500/classics.webp",""
"475","http://localhost:8080/","2024-12-9","15:42:43","LCP","486.20000000298023","510.1000000014901","23.899999998509884","-1","ref: <Node>","http://localhost:8080/img/scene/500/classics.webp",""
"476","http://localhost:8080/","2024-12-9","15:42:49","LCP","478.29999999701977","503.29999999701977","25","-1","ref: <Node>","http://localhost:8080/img/scene/500/classics.webp",""
"477","http://localhost:8080/","2024-12-9","15:42:56","LCP","354.5","379.80000000447035","25.30000000447035","-1","ref: <Node>","http://localhost:8080/img/scene/500/classics.webp",""
"478","http://localhost:8080/","2024-12-9","15:43:02","LCP","543.5999999940395","570.5999999940395","27","-1","ref: <Node>","http://localhost:8080/img/scene/500/classics.webp",""
"479","http://localhost:8080/","2024-12-9","15:43:09","LCP","486.90000000596046","513.9000000059605","27","-1","ref: <Node>","http://localhost:8080/img/scene/500/classics.webp",""
"480","http://localhost:8080/","2024-12-9","15:43:16","LCP","648.6000000014901","667.5","18.899999998509884","-1","ref: <Node>","http://localhost:8080/img/scene/500/classics.webp",""
"481","http://localhost:8080/","2024-12-9","15:43:22","LCP","496.5","521.1000000014901","24.600000001490116","-1","ref: <Node>","http://localhost:8080/img/scene/500/classics.webp",""
"482","http://localhost:8080/","2024-12-9","15:43:29","LCP","590.2000000029802","608.1000000014901","17.899999998509884","-1","ref: <Node>","http://localhost:8080/img/scene/500/classics.webp",""
"483","http://localhost:8080/","2024-12-9","15:43:36","LCP","549.7000000029802","574.6000000014901","24.899999998509884","-1","ref: <Node>","http://localhost:8080/img/scene/500/classics.webp",""
"484","http://localhost:8080/","2024-12-9","15:43:42","LCP","318.70000000298023","345.6000000014901","26.899999998509884","-1","ref: <Node>","http://localhost:8080/img/scene/500/classics.webp",""
"485","http://localhost:8080/","2024-12-9","15:43:49","LCP","527.2000000029802","554.3999999985099","27.19999999552965","-1","ref: <Node>","http://localhost:8080/img/scene/500/classics.webp",""
"486","http://localhost:8080/","2024-12-9","15:43:56","LCP","326.29999999701977","353.5","27.200000002980232","-1","ref: <Node>","http://localhost:8080/img/scene/500/classics.webp",""
"487","http://localhost:8080/","2024-12-9","15:44:02","LCP","601.7000000029802","628.5","26.799999997019768","-1","ref: <Node>","http://localhost:8080/img/scene/500/classics.webp",""
"488","http://localhost:8080/","2024-12-9","15:44:09","LCP","338.79999999701977","364.6000000014901","25.80000000447035","-1","ref: <Node>","http://localhost:8080/img/scene/500/classics.webp",""
"489","http://localhost:8080/","2024-12-9","15:44:15","LCP","419.19999999552965","446.1000000014901","26.900000005960464","-1","ref: <Node>","http://localhost:8080/img/scene/500/classics.webp",""
"490","http://localhost:8080/","2024-12-9","15:44:22","LCP","444.29999999701977","470.1000000014901","25.80000000447035","-1","ref: <Node>","http://localhost:8080/img/scene/500/classics.webp",""
"491","http://localhost:8080/","2024-12-9","15:44:28","LCP","360","386.8999999985099","26.899999998509884","-1","ref: <Node>","http://localhost:8080/img/scene/500/classics.webp",""
"492","http://localhost:8080/","2024-12-9","15:44:35","LCP","326.79999999701977","352.79999999701977","26","-1","ref: <Node>","http://localhost:8080/img/scene/500/classics.webp",""
"493","http://localhost:8080/","2024-12-9","15:44:41","LCP","251.89999999850988","278.5","26.600000001490116","-1","ref: <Node>","http://localhost:8080/img/scene/500/classics.webp",""
"494","http://localhost:8080/","2024-12-9","15:44:48","LCP","454.19999999552965","479.79999999701977","25.600000001490116","-1","ref: <Node>","http://localhost:8080/img/scene/500/classics.webp",""
"495","http://localhost:8080/","2024-12-9","15:44:54","LCP","321.79999999701977","340.79999999701977","19","-1","ref: <Node>","http://localhost:8080/img/scene/500/classics.webp",""
"496","http://localhost:8080/","2024-12-9","15:45:01","LCP","526.3999999985099","553.6000000014901","27.200000002980232","-1","ref: <Node>","http://localhost:8080/img/scene/500/classics.webp",""
"497","http://localhost:8080/","2024-12-9","15:45:07","LCP","210.69999999552965","230","19.30000000447035","-1","ref: <Node>","http://localhost:8080/img/scene/500/classics.webp",""
"498","http://localhost:8080/","2024-12-9","15:45:14","LCP","512.2999999970198","539.1999999955297","26.899999998509884","-1","ref: <Node>","http://localhost:8080/img/scene/500/classics.webp",""
"499","http://localhost:8080/","2024-12-9","15:45:20","LCP","638.5","671.0999999940395","32.599999994039536","-1","ref: <Node>","http://localhost:8080/img/scene/500/classics.webp",""
"500","http://localhost:8080/","2024-12-9","15:45:27","LCP","620.4000000059605","646.5","26.099999994039536","-1","ref: <Node>","http://localhost:8080/img/scene/500/classics.webp",""
"501","http://localhost:8080/","2024-12-9","15:45:34","LCP","425.3999999985099","444.20000000298023","18.80000000447035","-1","ref: <Node>","http://localhost:8080/img/scene/500/classics.webp",""
"502","http://localhost:8080/","2024-12-9","15:45:40","LCP","552.0999999940395","572.1999999955297","20.100000001490116","-1","ref: <Node>","http://localhost:8080/img/scene/500/classics.webp",""
"503","http://localhost:8080/","2024-12-9","15:45:47","LCP","360.19999999552965","386.6000000014901","26.400000005960464","-1","ref: <Node>","http://localhost:8080/img/scene/500/classics.webp",""
"504","http://localhost:8080/","2024-12-9","15:45:53","LCP","476.69999999552965","495.6000000014901","18.900000005960464","-1","ref: <Node>","http://localhost:8080/img/scene/500/classics.webp",""
"505","http://localhost:8080/","2024-12-9","15:46:00","LCP","482.1000000014901","507.20000000298023","25.100000001490116","-1","ref: <Node>","http://localhost:8080/img/scene/500/classics.webp",""